OBJECTID,Shape,Join_Count,TARGET_FID,Crash_Year,Crash_Street,Crash_Ref_Number,Crash_Severity,Crash_Year,Crash_Month,Crash_Day_Of_Week,Crash_Hour,Crash_Nature,Crash_Type,Crash_Longitude_GDA94,Crash_Latitude_GDA94,Crash_Street,Crash_Street_Intersecting,Loc_Suburb,Loc_Local_Government_Area,Loc_Post_Code,Loc_Police_Division,Loc_Police_District,Loc_Police_Region,Loc_Queensland_Transport_Region,Loc_Main_Roads_Region,Loc_ABS_Statistical_Area_2,Loc_ABS_Statistical_Area_3,Loc_ABS_Statistical_Area_4,Loc_ABS_Remoteness,Loc_State_Electorate,Loc_Federal_Electorate,Crash_Controlling_Authority,Crash_Roadway_Feature,Crash_Traffic_Control,Crash_Speed_Limit,Crash_Road_Surface_Condition,Crash_Atmospheric_Condition,Crash_Lighting_Condition,Crash_Road_Horiz_Align,Crash_Road_Vert_Align,Crash_DCA_Code,Crash_DCA_Description,Crash_DCA_Group_Description,Count_Casualty_Fatality,Count_Casualty_Hospitalised,Count_Casualty_MedicallyTreated,Count_Casualty_MinorInjury,Count_Casualty_Total,Count_Unit_Car,Count_Unit_Motorcycle_Moped,Count_Unit_Truck,Count_Unit_Bus,Count_Unit_Bicycle,Count_Unit_Pedestrian,Count_Unit_Other,Shape_Length,Shape_Area
89,Polygon,10,89,2,Landsborough Hwy,239822,Hospitalisation,2003,March,Monday,2,Hit object,Single Vehicle,146.608483,-25.525171,Landsborough Hwy,Thomson Developmental Rd,Nive,Murweh Shire,4470,Augathella,South West,Southern,Southern,Downs South West,Charleville,Outback - South,Queensland - Outback,Very Remote,Warrego,Maranoa,State-controlled,No Roadway Feature,No traffic control,100 - 110 km/h,Sealed - Dry,Clear,Darkness - Not lighted,Straight,Level,704,Off Path-Straight:Right Off Cway Hit Obj,Off carriageway on straight hit object,0,1,0,0,1,0,0,1,0,0,0,0,0.011841,0.000001
90,Polygon,9,90,2,Leichhardt Hwy,231972,Hospitalisation,2003,January,Thursday,16,Overturned,Single Vehicle,150.358365,-27.806349,Leichhardt Hwy,<Null>,Moonie,Goondiwindi Region,4406,Goondiwindi,Darling Downs,Southern,Southern,Downs South West,Tara,Darling Downs (west) - Maranoa,Darling Downs - Maranoa,Outer Regional,Southern Downs,Maranoa,State-controlled,No Roadway Feature,No traffic control,100 - 110 km/h,Sealed - Dry,Clear,Daylight,Straight,Level,703,Off Path-Straight: Left Off Cway Hit Obj,Off carriageway on straight hit object,0,2,0,0,2,1,0,0,0,0,0,0,0.010735,0.000001
91,Polygon,1,91,2,Mitchell Hwy,239532,Hospitalisation,2003,December,Thursday,17,Hit object,Single Vehicle,146.234982,-26.401122,Mitchell Hwy,<Null>,Charleville,Murweh Shire,4470,Charleville,South West,Southern,Southern,Downs South West,Charleville,Outback - South,Queensland - Outback,Very Remote,Warrego,Maranoa,State-controlled,Bridge/Causeway,No traffic control,60 km/h,Sealed - Wet,Raining,Daylight,Straight,Level,703,Off Path-Straight: Left Off Cway Hit Obj,Off carriageway on straight hit object,0,1,0,0,1,1,0,0,0,0,0,0,0.001196,0
92,Polygon,6,92,2,Moonie Hwy,230009,Hospitalisation,2003,May,Monday,11,Hit object,Single Vehicle,150.925129,-27.327085,Moonie Hwy,Watt St,Kumbarilla,Western Downs Region,4405,Dalby,South West,Southern,Southern,Downs South West,Wambo,Darling Downs - East,Darling Downs - Maranoa,Outer Regional,Warrego,Maranoa,State-controlled,No Roadway Feature,No traffic control,100 - 110 km/h,Sealed - Dry,Clear,Daylight,Straight,Level,704,Off Path-Straight:Right Off Cway Hit Obj,Off carriageway on straight hit object,0,1,0,0,1,1,0,0,0,0,0,0,0.007214,0.000001
93,Polygon,21,93,2,Mt Lindesay Hwy,167604,Hospitalisation,2003,February,Friday,11,Sideswipe,Multi-Vehicle,152.738234,-28.321438,Mt Lindesay Hwy,Mt Lindesay Hwy Service Rd,Mount Lindesay,Scenic Rim Region,4287,Rathdowney,Logan,South Eastern,SEQ South,South Coast,Beaudesert,Beaudesert,Logan - Beaudesert,Inner Regional,Scenic Rim,Wright,State-controlled,No Roadway Feature,No traffic control,100 - 110 km/h,Sealed - Wet,Raining,Daylight,Curved - view obscured,Grade,201,Veh'S Opposite Approach: Head On,Head-on,0,1,0,0,1,1,0,1,0,0,0,0,0.010844,0.000001
94,Polygon,2,94,2,Mulligan Hwy,292534,Hospitalisation,2003,March,Wednesday,13,Overturned,Single Vehicle,145.01928,-15.737687,Mulligan Hwy,<Null>,Lakeland,Cook Shire,4871,Cooktown,Far North,Northern,Northern,North Queensland,Cape York,Far North,Queensland - Outback,Remote,Cook,Leichhardt,State-controlled,No Roadway Feature,No traffic control,100 - 110 km/h,Unsealed - Dry,Clear,Daylight,Curved - view open,Level,805,Off Path-Curve: Out Of Control On Cway,Out of control on curve,0,1,0,0,1,1,0,0,0,0,0,0,0.002305,0
95,Polygon,48,95,2,New England Hwy,220955,Hospitalisation,2003,November,Wednesday,23,Hit object,Single Vehicle,151.953898,-27.541922,New England Hwy,North St,Harlaxton,Toowoomba Region,4350,Toowoomba,Darling Downs,Southern,Southern,Downs South West,North Toowoomba - Harlaxton,Toowoomba,Toowoomba,Inner Regional,Toowoomba North,Groom,State-controlled,Intersection - Cross,Operating traffic lights,60 km/h,Sealed - Dry,Clear,Darkness - Lighted,Curved - view open,Level,803,Off Path-Curve: Off Cway Rt Bend Hit Obj,Off carriageway on curve hit object,0,1,0,0,1,1,0,0,0,0,0,0,0.034964,0.000003
96,Polygon,1,96,2,Old Bruce Hwy,158657,Hospitalisation,2003,April,Wednesday,12,Hit object,Single Vehicle,152.956294,-26.55882,Old Bruce Hwy,<Null>,Yandina,Sunshine Coast Region,4561,Nambour,Sunshine Coast,Central,SEQ North,North Coast and Wide Bay/Burnett,Eumundi - Yandina,Nambour,Sunshine Coast,Inner Regional,Nicklin,Fairfax,State-controlled,No Roadway Feature,No traffic control,60 km/h,Sealed - Dry,Clear,Daylight,Straight,Level,704,Off Path-Straight:Right Off Cway Hit Obj,Off carriageway on straight hit object,0,1,0,0,1,1,0,0,0,0,0,0,0.001197,0
97,Polygon,1,97,2,Palmerston Hwy,295888,Hospitalisation,2003,May,Sunday,10,Fall from vehicle,Single Vehicle,145.991239,-17.514875,Palmerston Hwy,<Null>,Goondi,Cassowary Coast Region,4860,Innisfail,Far North,Northern,Northern,North Queensland,Innisfail,Innisfail - Cassowary Coast,Cairns,Outer Regional,Hill,Kennedy,State-controlled,No Roadway Feature,No traffic control,60 km/h,Sealed - Wet,Raining,Daylight,Curved - view open,Grade,801,Off Path-Curve: Off Cway Right Bend,Off carriageway on curve,0,1,0,0,1,0,1,0,0,0,0,0,0.001158,0
98,Polygon,15,98,2,Peak Downs Hwy,258315,Hospitalisation,2003,July,Saturday,21,Hit object,Single Vehicle,148.971749,-21.265322,Peak Downs Hwy,<Null>,Eton,Mackay Region,4741,Eton,Mackay,Central,Central,Central Queensland,Walkerston - Eton,Mackay,Mackay - Isaac - Whitsunday,Outer Regional,Mirani,Capricornia,State-controlled,No Roadway Feature,No traffic control,60 km/h,Sealed - Dry,Clear,Darkness - Lighted,Straight,Level,703,Off Path-Straight: Left Off Cway Hit Obj,Off carriageway on straight hit object,0,1,0,0,1,1,0,0,0,0,0,0,0.015251,0.000001
99,Polygon,66,99,2,Warrego Hwy,150835,Fatal,2003,March,Monday,13,Rear-end,Multi-Vehicle,152.505285,-27.550634,Warrego Hwy,West St,Prenzlau,Somerset Region,4311,Marburg,Ipswich,Southern,SEQ North,North Coast and Wide Bay/Burnett,Lowood,Ipswich Hinterland,Ipswich,Inner Regional,Lockyer,Blair,State-controlled,No Roadway Feature,No traffic control,80 - 90 km/h,Sealed - Dry,Clear,Daylight,Straight,Level,301,Veh'S Same Direction: Rear End,Rear-end,1,0,0,0,1,1,0,1,0,0,0,0,0.050924,0.000005
100,Polygon,1,100,2,Warrego Hwy Off Ramp,190344,Hospitalisation,2003,June,Tuesday,17,Angle,Multi-Vehicle,152.13019,-27.5532,Warrego Hwy Off Ramp,Warrego Hwy On Ramp,Helidon,Lockyer Valley Region,4344,Helidon,Darling Downs,Southern,SEQ South,Downs South West,Lockyer Valley - West,Toowoomba,Toowoomba,Inner Regional,Lockyer,Wright,State-controlled,Intersection - Interchange,Give way sign,60 km/h,Sealed - Dry,Clear,Dawn/Dusk,Straight,Level,102,Veh'S Adjacent Approach: Right-Thru,Intersection from adjacent approaches,0,1,0,1,2,2,0,0,0,0,0,0,0.001203,0
101,Polygon,5,101,2,Wide Bay Hwy,207719,Fatal,2003,March,Friday,13,Sideswipe,Multi-Vehicle,152.503579,-26.091861,Wide Bay Hwy,<Null>,Lower Wonga,Gympie Region,4570,Kilkivan,Wide Bay Burnett,Central,Southern,North Coast and Wide Bay/Burnett,Kilkivan,Gympie - Cooloola,Wide Bay,Inner Regional,Gympie,Wide Bay,State-controlled,No Roadway Feature,No traffic control,100 - 110 km/h,Sealed - Wet,Raining,Daylight,Curved - view obscured,Grade,201,Veh'S Opposite Approach: Head On,Head-on,2,0,0,0,2,2,0,1,0,0,0,0,0.005972,0.000001
102,Polygon,1,102,2,Balonne Hwy,239016,Hospitalisation,2004,February,Thursday,4,Overturned,Single Vehicle,148.553893,-28.032802,Balonne Hwy,<Null>,St George,Balonne Shire,4487,Saint George,South West,Southern,Southern,Downs South West,Balonne,Darling Downs (west) - Maranoa,Darling Downs - Maranoa,Remote,Warrego,Maranoa,State-controlled,No Roadway Feature,No traffic control,80 - 90 km/h,Unsealed - Dry,Clear,Unknown,Straight,Level,700,Off Path-Straight: Other,Other,0,1,1,0,2,1,0,0,0,0,0,0,0.001205,0
103,Polygon,18,103,2,Barkly Hwy,304285,Hospitalisation,2004,May,Sunday,0,Hit object,Single Vehicle,138.101074,-19.922188,Barkly Hwy,Mullan St,Camooweal,Mount Isa City,4828,Camooweal,Mount Isa,Northern,Northern,North Queensland,Mount Isa Region,Outback - North,Queensland - Outback,Very Remote,Traeger,Kennedy,State-controlled,No Roadway Feature,No traffic control,100 - 110 km/h,Sealed - Dry,Clear,Darkness - Not lighted,Straight,Crest,704,Off Path-Straight:Right Off Cway Hit Obj,Off carriageway on straight hit object,0,1,1,0,2,1,0,0,0,0,0,0,0.010518,0.000001
104,Polygon,5,104,2,Brisbane Valley Hwy,187349,Hospitalisation,2004,January,Thursday,16,Overturned,Single Vehicle,152.380877,-27.091044,Brisbane Valley Hwy,Pine Mountain Rd,Toogoolawah,Somerset Region,4313,Toogoolawah,Ipswich,Southern,SEQ North,North Coast and Wide Bay/Burnett,Esk,Ipswich Hinterland,Ipswich,Inner Regional,Nanango,Blair,State-controlled,No Roadway Feature,No traffic control,80 - 90 km/h,Sealed - Wet,Raining,Daylight,Straight,Level,700,Off Path-Straight: Other,Other,0,1,0,0,1,1,0,0,0,0,0,0,0.003602,0
105,Polygon,528,105,2,Bruce Hwy,147987,Hospitalisation,2004,January,Sunday,2,Overturned,Single Vehicle,152.826255,-26.392092,Bruce Hwy,Glasshouse Mountains Rd,Federal,Noosa Shire,4568,Pomona,Sunshine Coast,Central,SEQ North,North Coast and Wide Bay/Burnett,Noosa Hinterland,Noosa Hinterland,Sunshine Coast,Inner Regional,Nicklin,Wide Bay,State-controlled,No Roadway Feature,No traffic control,100 - 110 km/h,Sealed - Wet,Raining,Darkness - Not lighted,Curved - view open,Grade,802,Off Path-Curve: Off Cway Left Bend,Off carriageway on curve,0,1,0,0,1,1,0,0,0,0,0,0,0.307127,0.000029
106,Polygon,1,106,2,Bruce Hwy Ramp Q,215499,Fatal,2004,July,Monday,23,Hit object,Single Vehicle,152.664636,-25.563454,Bruce Hwy Ramp Q,<Null>,Tinana,Fraser Coast Region,4650,Maryborough,Wide Bay Burnett,Central,Southern,North Coast and Wide Bay/Burnett,Tinana,Maryborough,Wide Bay,Inner Regional,Maryborough,Wide Bay,State-controlled,Intersection - Interchange,No traffic control,70 km/h,Sealed - Dry,Clear,Darkness - Lighted,Curved - view open,Grade,803,Off Path-Curve: Off Cway Rt Bend Hit Obj,Off carriageway on curve hit object,1,1,0,0,2,0,1,0,0,0,0,0,0.001192,0
107,Polygon,23,107,2,Bunya Hwy,207039,Hospitalisation,2004,July,Wednesday,6,Overturned,Single Vehicle,152.068456,-26.198601,Bunya Hwy,Burnett Hwy,Goomeri,Gympie Region,4601,Goomeri,Wide Bay Burnett,Central,Southern,North Coast and Wide Bay/Burnett,Kilkivan,Gympie - Cooloola,Wide Bay,Outer Regional,Nanango,Wide Bay,State-controlled,No Roadway Feature,No traffic control,100 - 110 km/h,Sealed - Dry,Clear,Dawn/Dusk,Curved - view open,Grade,802,Off Path-Curve: Off Cway Left Bend,Off carriageway on curve,0,2,0,0,2,1,0,0,0,0,0,0,0.015567,0.000001
108,Polygon,22,108,2,Burnett Hwy,205818,Hospitalisation,2004,December,Monday,14,Overturned,Single Vehicle,151.121341,-25.3454,Burnett Hwy,Ideraway Rd,Eidsvold,North Burnett Region,4627,Eidsvold,Wide Bay Burnett,Central,Southern,North Coast and Wide Bay/Burnett,Monto - Eidsvold,Burnett,Wide Bay,Outer Regional,Callide,Flynn,State-controlled,No Roadway Feature,No traffic control,100 - 110 km/h,Sealed - Dry,Clear,Daylight,Curved - view obscured,Crest,805,Off Path-Curve: Out Of Control On Cway,Out of control on curve,0,2,0,0,2,1,0,0,0,0,0,0,0.022632,0.000002
109,Polygon,27,109,2,Capricorn Hwy,240086,Hospitalisation,2004,January,Monday,16,Hit object,Single Vehicle,147.096385,-23.658485,Capricorn Hwy,Fitzroy Developmental Rd,Port Wine,Barcaldine Region,4724,Alpha,South West,Southern,Central,Central Queensland,Barcaldine - Blackall,Outback - South,Queensland - Outback,Very Remote,Gregory,Maranoa,State-controlled,No Roadway Feature,No traffic control,100 - 110 km/h,Sealed - Dry,Clear,Daylight,Straight,Crest,705,Off Path-Straight:Out Of Control On Cway,Out of control on straight,0,1,0,0,1,1,0,0,0,0,0,0,0.027184,0.000003
110,Polygon,91,110,2,Captain Cook Hwy,286078,Hospitalisation,2004,January,Tuesday,0,Angle,Multi-Vehicle,145.769344,-16.918693,Captain Cook Hwy,Minnie St,Cairns City,Cairns Region,4870,Cairns,Far North,Northern,Northern,North Queensland,Cairns City,Cairns - South,Cairns,Outer Regional,Cairns,Leichhardt,State-controlled,Intersection - Cross,Give way sign,60 km/h,Sealed - Dry,Clear,Darkness - Lighted,Straight,Level,101,Veh'S Adjacent Approach: Thru-Thru,Intersection from adjacent approaches,0,1,3,0,4,1,0,0,1,0,0,0,0.041217,0.000004
111,Polygon,7,111,2,Carnarvon Hwy,238001,Hospitalisation,2004,January,Friday,19,Overturned,Single Vehicle,148.700435,-25.607963,Carnarvon Hwy,Wyseby Rd,Baffle West,Maranoa Region,4454,Injune,South West,Southern,Southern,Downs South West,Roma Region,Darling Downs (west) - Maranoa,Darling Downs - Maranoa,Remote,Warrego,Maranoa,State-controlled,No Roadway Feature,No traffic control,100 - 110 km/h,Sealed - Dry,Clear,Darkness - Not lighted,Straight,Grade,705,Off Path-Straight:Out Of Control On Cway,Out of control on straight,0,2,0,0,2,1,0,0,0,0,0,0,0.008335,0.000001
112,Polygon,3,112,2,Castlereagh Hwy,239023,Hospitalisation,2004,May,Saturday,7,Hit pedestrian,Hit pedestrian,148.230094,-28.586052,Castlereagh Hwy,Dunwinnie Rd,Dirranbandi,Balonne Shire,4486,Dirranbandi,South West,Southern,Southern,Downs South West,Balonne,Darling Downs (west) - Maranoa,Darling Downs - Maranoa,Very Remote,Warrego,Maranoa,State-controlled,No Roadway Feature,No traffic control,60 km/h,Sealed - Dry,Clear,Daylight,Straight,Level,0,Ped'N: Hit Other,Other,0,1,0,0,1,1,0,0,0,0,1,0,0.003627,0
113,Polygon,34,113,2,Cunningham Hwy,186573,Hospitalisation,2004,March,Sunday,8,Rear-end,Multi-Vehicle,152.565525,-27.970933,Cunningham Hwy,Texas - Yelarbon Rd,Aratula,Scenic Rim Region,4309,Boonah,Ipswich,Southern,SEQ South,South Coast,Boonah,Ipswich Hinterland,Ipswich,Inner Regional,Scenic Rim,Wright,State-controlled,No Roadway Feature,No traffic control,100 - 110 km/h,Sealed - Dry,Clear,Daylight,Straight,Level,301,Veh'S Same Direction: Rear End,Rear-end,0,1,2,0,3,2,0,0,0,0,0,0,0.037408,0.000004
114,Polygon,28,114,2,D'Aguilar Hwy,149532,Hospitalisation,2004,June,Saturday,10,Angle,Multi-Vehicle,152.53533,-26.941187,D'Aguilar Hwy,Highwood La,Woolmar,Somerset Region,4515,Kilcoy,Moreton,Southern,SEQ North,North Coast and Wide Bay/Burnett,Kilcoy,Caboolture Hinterland,Moreton Bay - North,Inner Regional,Nanango,Blair,State-controlled,Intersection - T-Junction,No traffic control,100 - 110 km/h,Sealed - Dry,Clear,Daylight,Straight,Level,506,Veh'S Overtaking: Overtake-Right Turn,Overtaking same direction,0,2,0,0,2,1,1,0,0,0,0,0,0.028761,0.000003
115,Polygon,11,115,2,Dawson Hwy,240264,Hospitalisation,2004,February,Sunday,6,Overturned,Single Vehicle,150.223955,-24.430396,Dawson Hwy,Kariboe St,Banana,Banana Shire,4702,Moura,Capricornia,Central,Central,Central Queensland,Banana,Biloela,Central Queensland,Outer Regional,Callide,Flynn,State-controlled,No Roadway Feature,No traffic control,100 - 110 km/h,Sealed - Dry,Clear,Dawn/Dusk,Straight,Crest,700,Off Path-Straight: Other,Other,0,1,1,0,2,1,0,0,0,0,0,0,0.011847,0.000001
116,Polygon,22,116,2,Flinders Hwy,269728,Hospitalisation,2004,April,Friday,1,Hit pedestrian,Hit pedestrian,146.259189,-20.092852,Flinders Hwy,Orpheus St,Mosman Park,Charters Towers Region,4820,Charters Towers,Townsville,Northern,Northern,North Queensland,Charters Towers,Charters Towers - Ayr - Ingham,Townsville,Outer Regional,Traeger,Kennedy,State-controlled,No Roadway Feature,No traffic control,60 km/h,Sealed - Dry,Clear,Darkness - Not lighted,Straight,Level,4,Ped'N: Play; Work; Stand; Lie On C'Way,Pedestrian,0,1,0,0,1,0,0,1,0,0,1,0,0.024515,0.000002
117,Polygon,8,117,2,Gold Coast Hwy,131945,Hospitalisation,2004,December,Monday,20,Hit pedestrian,Hit pedestrian,0,0,Cunningham Hwy,<Null>,Unknown,Unknown,Unknown,Unknown,Unknown,Unknown,Unknown,Unknown,Unknown,Unknown,Unknown,Unknown,Unknown,Unknown,Locally-controlled,No Roadway Feature,No traffic control,100 - 110 km/h,Sealed - Dry,Clear,Darkness - Lighted,Straight,Level,906,Pass & Misc: Parked Car Ran Away,Other,0,2,0,0,2,1,0,0,0,0,2,0,0.001131,0
118,Polygon,24,118,2,Gore Hwy,221059,Hospitalisation,2004,February,Saturday,0,Overturned,Single Vehicle,151.92373,-27.573649,Gore Hwy,South St,Harristown,Toowoomba Region,4350,Toowoomba,Darling Downs,Southern,Southern,Downs South West,Drayton - Harristown,Toowoomba,Toowoomba,Inner Regional,Toowoomba South,Groom,State-controlled,Intersection - T-Junction,No traffic control,60 km/h,Sealed - Dry,Clear,Darkness - Lighted,Curved - view open,Grade,805,Off Path-Curve: Out Of Control On Cway,Out of control on curve,0,1,0,0,1,1,0,0,0,0,0,0,0.016864,0.000002
119,Polygon,7,119,2,Gregory Hwy,242099,Fatal,2004,March,Friday,0,Overturned,Single Vehicle,148.169121,-23.571113,Gregory Hwy,<Null>,Emerald,Central Highlands Region,4720,Emerald,Capricornia,Central,Central,Central Queensland,Emerald,Central Highlands (qld),Central Queensland,Outer Regional,Gregory,Flynn,State-controlled,No Roadway Feature,No traffic control,100 - 110 km/h,Sealed - Dry,Clear,Darkness - Not lighted,Straight,Level,702,Off Path-Straight: Right Off Cway,Off carriageway on straight,1,0,0,0,1,1,0,0,0,0,0,0,0.008274,0.000001
120,Polygon,14,120,2,Isis Hwy,201257,Fatal,2004,April,Tuesday,23,Angle,Multi-Vehicle,152.283189,-24.925256,Isis Hwy,Steffensen St,Branyan,Bundaberg Region,4670,Bundaberg,Wide Bay Burnett,Central,Southern,North Coast and Wide Bay/Burnett,Branyan - Kensington,Bundaberg,Wide Bay,Inner Regional,Bundaberg,Hinkler,State-controlled,No Roadway Feature,No traffic control,100 - 110 km/h,Sealed - Dry,Clear,Darkness - Not lighted,Straight,Level,202,Veh'S Opposite Approach: Thru-Right,Opposing vehicles turning,1,0,0,0,1,1,0,0,0,1,0,0,0.011892,0.000001
121,Polygon,40,121,2,Kennedy Hwy,284657,Hospitalisation,2004,March,Thursday,16,Angle,Multi-Vehicle,145.478839,-17.223096,Kennedy Hwy,Main St,Tolga,Tablelands Region,4882,Atherton,Far North,Northern,Northern,North Queensland,Atherton,Tablelands (east) - Kuranda,Cairns,Outer Regional,Hill,Kennedy,State-controlled,Intersection - Cross,Give way sign,60 km/h,Sealed - Dry,Clear,Daylight,Straight,Level,101,Veh'S Adjacent Approach: Thru-Thru,Intersection from adjacent approaches,0,1,0,0,1,2,0,0,0,0,0,0,0.031226,0.000003
122,Polygon,14,122,2,Landsborough Hwy,239853,Hospitalisation,2004,July,Friday,17,Sideswipe,Multi-Vehicle,146.567747,-25.29351,Landsborough Hwy,Thomson Developmental Rd,Nive,Murweh Shire,4470,Augathella,South West,Southern,Southern,Downs South West,Charleville,Outback - South,Queensland - Outback,Very Remote,Warrego,Maranoa,State-controlled,No Roadway Feature,No traffic control,100 - 110 km/h,Sealed - Dry,Clear,Daylight,Straight,Level,201,Veh'S Opposite Approach: Head On,Head-on,0,2,0,0,2,2,0,0,0,0,0,0,0.016533,0.000002
123,Polygon,13,123,2,Leichhardt Hwy,231994,Hospitalisation,2004,January,Friday,5,Hit animal,Other,150.339875,-27.961589,Leichhardt Hwy,Riddle St,Calingunee,Goondiwindi Region,4390,Goondiwindi,Darling Downs,Southern,Southern,Downs South West,Inglewood - Waggamba,Darling Downs (west) - Maranoa,Darling Downs - Maranoa,Outer Regional,Southern Downs,Maranoa,State-controlled,No Roadway Feature,No traffic control,100 - 110 km/h,Sealed - Dry,Clear,Daylight,Straight,Level,609,Pass & Misc: Hit Animal,Hit animal,0,1,0,0,1,0,1,0,0,0,0,1,0.015582,0.000001
124,Polygon,7,124,2,Moonie Hwy,234948,Hospitalisation,2004,January,Tuesday,13,Hit object,Single Vehicle,150.558077,-27.579537,Moonie Hwy,<Null>,Moonie,Western Downs Region,4406,Tara,South West,Southern,Southern,Downs South West,Tara,Darling Downs (west) - Maranoa,Darling Downs - Maranoa,Outer Regional,Warrego,Maranoa,State-controlled,No Roadway Feature,No traffic control,100 - 110 km/h,Sealed - Dry,Clear,Daylight,Straight,Level,704,Off Path-Straight:Right Off Cway Hit Obj,Off carriageway on straight hit object,0,1,0,0,1,1,0,0,0,0,0,0,0.008411,0.000001
125,Polygon,19,125,2,Mt Lindesay Hwy,167617,Hospitalisation,2004,June,Thursday,18,Hit object,Single Vehicle,152.883837,-28.175672,Mt Lindesay Hwy,Mt Lindesay Hwy Service Rd,Innisplain,Scenic Rim Region,4285,Rathdowney,Logan,South Eastern,SEQ South,South Coast,Beaudesert,Beaudesert,Logan - Beaudesert,Inner Regional,Scenic Rim,Wright,State-controlled,No Roadway Feature,No traffic control,100 - 110 km/h,Sealed - Dry,Clear,Darkness - Not lighted,Straight,Level,703,Off Path-Straight: Left Off Cway Hit Obj,Off carriageway on straight hit object,0,1,0,0,1,1,0,0,0,0,0,0,0.008555,0.000001
126,Polygon,34,126,2,New England Hwy,222427,Hospitalisation,2004,January,Thursday,16,Angle,Multi-Vehicle,151.946608,-27.600469,New England Hwy,Spring St,Kearneys Spring,Toowoomba Region,4350,Toowoomba,Darling Downs,Southern,Southern,Downs South West,Darling Heights,Toowoomba,Toowoomba,Inner Regional,Toowoomba South,Groom,State-controlled,Intersection - Cross,Operating traffic lights,60 km/h,Sealed - Wet,Raining,Daylight,Straight,Level,202,Veh'S Opposite Approach: Thru-Right,Opposing vehicles turning,0,1,0,0,1,2,0,0,0,0,0,0,0.02891,0.000003
127,Polygon,1,127,2,Old Capricorn Hwy,255341,Hospitalisation,2004,September,Saturday,0,Hit pedestrian,Hit pedestrian,150.454313,-23.434407,Old Capricorn Hwy,<Null>,Gracemere,Rockhampton Region,4702,Gracemere,Capricornia,Central,Central,Central Queensland,Gracemere,Rockhampton,Central Queensland,Inner Regional,Rockhampton,Flynn,Locally-controlled,No Roadway Feature,No traffic control,60 km/h,Sealed - Dry,Clear,Darkness - Lighted,Straight,Level,0,Ped'N: Hit Other,Other,0,1,0,0,1,1,0,0,0,0,1,0,0.001181,0
128,Polygon,1,128,2,Old Palmerston Hwy,298531,Fatal,2004,January,Saturday,17,Overturned,Single Vehicle,145.604293,-17.583977,Old Palmerston Hwy,<Null>,Beatrice,Tablelands Region,4886,Millaa Millaa,Far North,Northern,Northern,North Queensland,Malanda - Yungaburra,Tablelands (east) - Kuranda,Cairns,Outer Regional,Hill,Kennedy,State-controlled,No Roadway Feature,No traffic control,80 - 90 km/h,Sealed - Wet,Raining,Dawn/Dusk,Curved - view obscured,Grade,805,Off Path-Curve: Out Of Control On Cway,Out of control on curve,1,0,0,0,1,1,0,0,0,0,0,0,0.001158,0
129,Polygon,5,129,2,Palmerston Hwy,298532,Hospitalisation,2004,February,Saturday,1,Overturned,Single Vehicle,145.627034,-17.504071,Palmerston Hwy,Spannagle Rd,Millaa Millaa,Tablelands Region,4886,Millaa Millaa,Far North,Northern,Northern,North Queensland,Malanda - Yungaburra,Tablelands (east) - Kuranda,Cairns,Outer Regional,Hill,Kennedy,State-controlled,No Roadway Feature,No traffic control,80 - 90 km/h,Sealed - Wet,Raining,Darkness - Not lighted,Curved - view open,Level,801,Off Path-Curve: Off Cway Right Bend,Off carriageway on curve,0,1,0,0,1,1,0,0,0,0,0,0,0.004632,0
130,Polygon,11,130,2,Peak Downs Hwy,258322,Hospitalisation,2004,January,Tuesday,16,Head-on,Multi-Vehicle,148.938277,-21.343375,Peak Downs Hwy,<Null>,Hazledean,Mackay Region,4741,Eton,Mackay,Central,Central,Central Queensland,Pioneer Valley,Mackay,Mackay - Isaac - Whitsunday,Outer Regional,Mirani,Capricornia,State-controlled,No Roadway Feature,No traffic control,100 - 110 km/h,Sealed - Dry,Clear,Daylight,Curved - view obscured,Grade,201,Veh'S Opposite Approach: Head On,Head-on,0,1,0,0,1,1,1,0,0,0,0,0,0.012902,0.000001
131,Polygon,2,131,2,Ropeyarn Hwy,286006,Hospitalisation,2004,August,Monday,10,Fall from vehicle,Single Vehicle,142.329889,-10.906162,Ropeyarn Hwy,<Null>,Injinoo,Northern Peninsula Area Region,4876,Bamaga,Far North,Northern,Northern,North Queensland,Northern Peninsula,Far North,Queensland - Outback,Very Remote,Cook,Leichhardt,Locally-controlled,No Roadway Feature,No traffic control,0 - 50 km/h,Sealed - Dry,Clear,Daylight,Curved - view open,Level,805,Off Path-Curve: Out Of Control On Cway,Out of control on curve,0,1,0,0,1,0,1,0,0,0,0,0,0.002283,0