OBJECTID,Shape,Join_Count,TARGET_FID,Crash_Year,Crash_Street,Crash_Ref_Number,Crash_Severity,Crash_Year,Crash_Month,Crash_Day_Of_Week,Crash_Hour,Crash_Nature,Crash_Type,Crash_Longitude_GDA94,Crash_Latitude_GDA94,Crash_Street,Crash_Street_Intersecting,Loc_Suburb,Loc_Local_Government_Area,Loc_Post_Code,Loc_Police_Division,Loc_Police_District,Loc_Police_Region,Loc_Queensland_Transport_Region,Loc_Main_Roads_Region,Loc_ABS_Statistical_Area_2,Loc_ABS_Statistical_Area_3,Loc_ABS_Statistical_Area_4,Loc_ABS_Remoteness,Loc_State_Electorate,Loc_Federal_Electorate,Crash_Controlling_Authority,Crash_Roadway_Feature,Crash_Traffic_Control,Crash_Speed_Limit,Crash_Road_Surface_Condition,Crash_Atmospheric_Condition,Crash_Lighting_Condition,Crash_Road_Horiz_Align,Crash_Road_Vert_Align,Crash_DCA_Code,Crash_DCA_Description,Crash_DCA_Group_Description,Count_Casualty_Fatality,Count_Casualty_Hospitalised,Count_Casualty_MedicallyTreated,Count_Casualty_MinorInjury,Count_Casualty_Total,Count_Unit_Car,Count_Unit_Motorcycle_Moped,Count_Unit_Truck,Count_Unit_Bus,Count_Unit_Bicycle,Count_Unit_Pedestrian,Count_Unit_Other,Shape_Length,Shape_Area
132,Polygon,66,132,2,Warrego Hwy,188323,Hospitalisation,2004,March,Saturday,23,Hit object,Single Vehicle,152.567671,-27.565572,Warrego Hwy,Weier Rd,Marburg,Ipswich City,4346,Marburg,Ipswich,Southern,SEQ South,Metropolitan,Rosewood,Ipswich Hinterland,Ipswich,Inner Regional,Ipswich West,Blair,State-controlled,No Roadway Feature,No traffic control,100 - 110 km/h,Sealed - Wet,Raining,Darkness - Not lighted,Curved - view open,Crest,803,Off Path-Curve: Off Cway Rt Bend Hit Obj,Off carriageway on curve hit object,0,1,0,0,1,1,0,0,0,0,0,0,0.063683,0.000006
133,Polygon,4,133,2,Wide Bay Hwy,207037,Hospitalisation,2004,May,Friday,16,Sideswipe,Multi-Vehicle,152.192275,-26.148079,Wide Bay Hwy,<Null>,Cinnabar,Gympie Region,4600,Kilkivan,Wide Bay Burnett,Central,Southern,North Coast and Wide Bay/Burnett,Kilkivan,Gympie - Cooloola,Wide Bay,Outer Regional,Nanango,Wide Bay,State-controlled,No Roadway Feature,No traffic control,100 - 110 km/h,Sealed - Dry,Clear,Daylight,Curved - view open,Grade,201,Veh'S Opposite Approach: Head On,Head-on,0,1,0,0,1,2,0,0,0,0,0,0,0.004778,0
134,Polygon,24,134,2,Barkly Hwy,304292,Hospitalisation,2005,August,Tuesday,12,Fall from vehicle,Single Vehicle,138.728544,-20.055813,Barkly Hwy,East St,Barkly,Mount Isa City,4825,Camooweal,Mount Isa,Northern,Northern,North Queensland,Mount Isa Region,Outback - North,Queensland - Outback,Very Remote,Traeger,Kennedy,State-controlled,No Roadway Feature,No traffic control,100 - 110 km/h,Sealed - Dry,Clear,Daylight,Straight,Crest,705,Off Path-Straight:Out Of Control On Cway,Out of control on straight,0,1,0,0,1,0,1,0,0,0,0,0,0.022214,0.000002
135,Polygon,4,135,2,Barwon Hwy,232015,Hospitalisation,2005,February,Monday,18,Overturned,Single Vehicle,149.962549,-28.429001,Barwon Hwy,<Null>,Toobeah,Goondiwindi Region,4498,Goondiwindi,Darling Downs,Southern,Southern,Downs South West,Inglewood - Waggamba,Darling Downs (west) - Maranoa,Darling Downs - Maranoa,Outer Regional,Southern Downs,Maranoa,State-controlled,No Roadway Feature,No traffic control,100 - 110 km/h,Sealed - Dry,Clear,Dawn/Dusk,Straight,Level,701,Off Path-Straight: Left Off Cway,Off carriageway on straight,0,2,0,1,3,1,0,0,0,0,0,0,0.004832,0
136,Polygon,16,136,2,Brisbane Valley Hwy,150948,Hospitalisation,2005,March,Friday,11,Rear-end,Multi-Vehicle,152.658271,-27.460238,Brisbane Valley Hwy,Wivenhoe Pkt Rd,Fernvale,Somerset Region,4306,Lowood,Ipswich,Southern,SEQ North,North Coast and Wide Bay/Burnett,Lowood,Ipswich Hinterland,Ipswich,Inner Regional,Lockyer,Blair,State-controlled,No Roadway Feature,No traffic control,60 km/h,Sealed - Dry,Clear,Daylight,Straight,Level,302,Veh'S Same Direction: Left Rear,Rear-end,0,1,0,0,1,1,1,0,0,0,0,0,0.014415,0.000001
137,Polygon,499,137,2,Bruce Hwy,143663,Hospitalisation,2005,August,Monday,18,Hit object,Single Vehicle,152.963456,-26.55389,Bruce Hwy,Pomona Connection Rd,Yandina,Sunshine Coast Region,4561,Nambour,Sunshine Coast,Central,SEQ North,North Coast and Wide Bay/Burnett,Eumundi - Yandina,Nambour,Sunshine Coast,Inner Regional,Ninderry,Fairfax,State-controlled,No Roadway Feature,No traffic control,100 - 110 km/h,Sealed - Wet,Raining,Darkness - Not lighted,Straight,Level,607,Veh'S On Path: Temporary Object On C'Way,Other,0,1,0,0,1,1,0,0,0,0,0,0,0.31934,0.00003
138,Polygon,2,138,2,Bruce Hwy Off Ramp,150168,Hospitalisation,2005,January,Monday,17,Hit object,Single Vehicle,153.040953,-26.772384,Bruce Hwy Off Ramp,Glasshouse Mountains Rd,Glenview,Sunshine Coast Region,4553,Beerwah,Sunshine Coast,Central,SEQ North,North Coast and Wide Bay/Burnett,Landsborough,Sunshine Coast Hinterland,Sunshine Coast,Inner Regional,Caloundra,Fisher,State-controlled,No Roadway Feature,No traffic control,80 - 90 km/h,Sealed - Wet,Raining,Daylight,Curved - view open,Level,201,Veh'S Opposite Approach: Head On,Head-on,0,1,0,0,1,2,0,0,0,0,0,0,0.001198,0
139,Polygon,6,139,2,Bruce Hwy On Ramp,148072,Hospitalisation,2005,March,Tuesday,7,Angle,Multi-Vehicle,152.915469,-26.433039,Bruce Hwy On Ramp,Nandroya Rd,Cooroy,Noosa Shire,4563,Cooroy,Sunshine Coast,Central,SEQ North,North Coast and Wide Bay/Burnett,Noosa Hinterland,Noosa Hinterland,Sunshine Coast,Inner Regional,Nicklin,Wide Bay,State-controlled,Intersection - Interchange,Stop sign,80 - 90 km/h,Sealed - Dry,Clear,Daylight,Straight,Level,104,Veh'S Adjacent Approach: Thru-Right,Intersection from adjacent approaches,0,1,0,0,1,1,0,0,1,0,0,0,0.002391,0
140,Polygon,1,140,2,Bruce Hwy Service Rd,293409,Hospitalisation,2005,January,Saturday,19,Angle,Multi-Vehicle,145.746102,-17.023472,Bruce Hwy Service Rd,<Null>,Edmonton,Cairns Region,4869,Edmonton,Far North,Northern,Northern,North Queensland,Edmonton,Cairns - South,Cairns,Outer Regional,Mulgrave,Kennedy,Locally-controlled,No Roadway Feature,No traffic control,60 km/h,Sealed - Wet,Raining,Darkness - Not lighted,Straight,Level,406,Veh'S Manoeuvring: Leaving Driveway,Vehicle leaving driveway,0,1,0,0,1,1,0,1,0,0,0,0,0.001157,0
141,Polygon,25,141,2,Bunya Hwy,207045,Hospitalisation,2005,October,Monday,13,Overturned,Single Vehicle,152.068779,-26.198279,Bunya Hwy,Burnett Hwy,Goomeri,Gympie Region,4601,Goomeri,Wide Bay Burnett,Central,Southern,North Coast and Wide Bay/Burnett,Kilkivan,Gympie - Cooloola,Wide Bay,Outer Regional,Nanango,Wide Bay,State-controlled,Intersection - T-Junction,No traffic control,100 - 110 km/h,Sealed - Dry,Clear,Daylight,Curved - view open,Grade,806,Vehicle Left-Turning At I/S (Or Driveway,Out of control on curve,0,1,0,0,1,0,0,1,0,0,0,0,0.013167,0.000001
142,Polygon,25,142,2,Burnett Hwy,205820,Hospitalisation,2005,March,Tuesday,13,Overturned,Single Vehicle,151.125785,-25.336933,Burnett Hwy,Murgon - Gayndah Rd,Eidsvold,North Burnett Region,4627,Eidsvold,Wide Bay Burnett,Central,Southern,North Coast and Wide Bay/Burnett,Monto - Eidsvold,Burnett,Wide Bay,Outer Regional,Callide,Flynn,State-controlled,No Roadway Feature,No traffic control,100 - 110 km/h,Sealed - Dry,Clear,Daylight,Straight,Level,701,Off Path-Straight: Left Off Cway,Off carriageway on straight,0,2,0,0,2,1,0,0,0,0,0,0,0.029783,0.000003
143,Polygon,17,143,2,Capricorn Hwy,240166,Hospitalisation,2005,December,Thursday,6,Collision - miscellaneous,Other,147.309641,-23.664266,Capricorn Hwy,Old Sheep Yard Pl,Willows,Central Highlands Region,4702,Anakie,Capricornia,Central,Central,Central Queensland,Central Highlands - West,Central Highlands (qld),Central Queensland,Remote,Gregory,Flynn,State-controlled,No Roadway Feature,No traffic control,100 - 110 km/h,Sealed - Dry,Clear,Daylight,Straight,Level,600,Veh'S On Path: Other,Other,0,1,0,0,1,1,0,0,0,0,0,0,0.017935,0.000002
144,Polygon,107,144,2,Captain Cook Hwy,286919,Hospitalisation,2005,February,Monday,13,Angle,Multi-Vehicle,145.76498,-16.913559,Captain Cook Hwy,Grove St,Cairns North,Cairns Region,4870,Cairns,Far North,Northern,Northern,North Queensland,Cairns City,Cairns - South,Cairns,Outer Regional,Cairns,Leichhardt,State-controlled,Intersection - Cross,Operating traffic lights,60 km/h,Sealed - Wet,Clear,Daylight,Straight,Level,207,Veh'S Opposite Approach: U-Turn,U-turn,0,1,0,0,1,1,1,0,0,0,0,0,0.054279,0.000005
145,Polygon,12,145,2,Carnarvon Hwy,238010,Hospitalisation,2005,February,Wednesday,17,Overturned,Single Vehicle,148.549952,-25.959434,Carnarvon Hwy,Mcdowall St,Gunnewin,Maranoa Region,4455,Injune,South West,Southern,Southern,Downs South West,Roma Region,Darling Downs (west) - Maranoa,Darling Downs - Maranoa,Remote,Warrego,Maranoa,State-controlled,No Roadway Feature,No traffic control,100 - 110 km/h,Sealed - Dry,Clear,Daylight,Straight,Level,705,Off Path-Straight:Out Of Control On Cway,Out of control on straight,0,1,0,0,1,0,0,1,0,0,0,0,0.013163,0.000001
146,Polygon,1,146,2,Castlereagh Hwy,239044,Fatal,2005,March,Friday,5,Head-on,Multi-Vehicle,148.42533,-28.610201,Castlereagh Hwy,<Null>,Dirranbandi,Balonne Shire,4486,Dirranbandi,South West,Southern,Southern,Downs South West,Balonne,Darling Downs (west) - Maranoa,Darling Downs - Maranoa,Very Remote,Warrego,Maranoa,State-controlled,No Roadway Feature,No traffic control,100 - 110 km/h,Sealed - Dry,Fog,Dawn/Dusk,Curved - view open,Level,201,Veh'S Opposite Approach: Head On,Head-on,1,1,0,0,2,2,0,0,0,0,0,0,0.001209,0
147,Polygon,26,147,2,Cunningham Hwy,186629,Hospitalisation,2005,January,Wednesday,16,Overturned,Single Vehicle,152.517843,-28.019886,Cunningham Hwy,Lake Moogerah Rd,Mount Edwards,Scenic Rim Region,4309,Boonah,Ipswich,Southern,SEQ South,South Coast,Boonah,Ipswich Hinterland,Ipswich,Inner Regional,Scenic Rim,Wright,State-controlled,Intersection - T-Junction,No traffic control,100 - 110 km/h,Sealed - Wet,Raining,Daylight,Curved - view obscured,Grade,801,Off Path-Curve: Off Cway Right Bend,Off carriageway on curve,0,2,0,0,2,0,0,1,0,0,0,0,0.023087,0.000002
148,Polygon,36,148,2,D'Aguilar Hwy,149567,Hospitalisation,2005,March,Tuesday,9,Rear-end,Multi-Vehicle,152.642014,-26.939476,D'Aguilar Hwy,Neurum Rd,Royston,Somerset Region,4515,Kilcoy,Moreton,Southern,SEQ North,North Coast and Wide Bay/Burnett,Kilcoy,Caboolture Hinterland,Moreton Bay - North,Inner Regional,Nanango,Blair,State-controlled,No Roadway Feature,Operating traffic lights,0 - 50 km/h,Sealed - Dry,Clear,Daylight,Straight,Grade,301,Veh'S Same Direction: Rear End,Rear-end,0,1,0,0,1,2,0,0,0,0,0,0,0.032368,0.000003
149,Polygon,19,149,2,Dawson Hwy,240268,Hospitalisation,2005,January,Thursday,13,Hit object,Single Vehicle,149.916243,-24.597422,Dawson Hwy,Shepherdsons Rd,Kianga,Banana Shire,4718,Moura,Capricornia,Central,Central,Central Queensland,Banana,Biloela,Central Queensland,Outer Regional,Callide,Flynn,State-controlled,No Roadway Feature,No traffic control,100 - 110 km/h,Sealed - Dry,Clear,Daylight,Straight,Level,704,Off Path-Straight:Right Off Cway Hit Obj,Off carriageway on straight hit object,0,1,0,0,1,1,0,0,0,0,0,0,0.020137,0.000002
150,Polygon,22,150,2,Flinders Hwy,269776,Hospitalisation,2005,April,Saturday,3,Hit object,Single Vehicle,146.271843,-20.078725,Flinders Hwy,Gregory Developmental Rd,Queenton,Charters Towers Region,4820,Charters Towers,Townsville,Northern,Northern,North Queensland,Charters Towers,Charters Towers - Ayr - Ingham,Townsville,Outer Regional,Traeger,Kennedy,State-controlled,No Roadway Feature,No traffic control,60 km/h,Sealed - Dry,Clear,Darkness - Not lighted,Curved - view open,Level,803,Off Path-Curve: Off Cway Rt Bend Hit Obj,Off carriageway on curve hit object,0,1,0,0,1,1,0,0,0,0,0,0,0.02218,0.000002
151,Polygon,32,151,2,Gore Hwy,221059,Hospitalisation,2005,February,Saturday,0,Overturned,Single Vehicle,151.92373,-27.573649,Gore Hwy,South St,Harristown,Toowoomba Region,4350,Toowoomba,Darling Downs,Southern,Southern,Downs South West,Drayton - Harristown,Toowoomba,Toowoomba,Inner Regional,Toowoomba South,Groom,State-controlled,Intersection - T-Junction,No traffic control,60 km/h,Sealed - Dry,Clear,Darkness - Lighted,Curved - view open,Grade,805,Off Path-Curve: Out Of Control On Cway,Out of control on curve,0,1,0,0,1,1,0,0,0,0,0,0,0.018053,0.000002
152,Polygon,9,152,2,Gregory Hwy,241940,Hospitalisation,2005,May,Thursday,19,Hit object,Single Vehicle,148.160394,-23.624569,Gregory Hwy,Yamala St,Emerald,Central Highlands Region,4720,Emerald,Capricornia,Central,Central,Central Queensland,Central Highlands - West,Central Highlands (qld),Central Queensland,Outer Regional,Gregory,Flynn,State-controlled,Railway Crossing,No traffic control,100 - 110 km/h,Sealed - Dry,Clear,Darkness - Not lighted,Curved - view open,Level,800,Off Path-Curve: Other,Other,0,1,0,0,1,1,0,0,0,0,0,0,0.007085,0.000001
153,Polygon,17,153,2,Isis Hwy,201407,Hospitalisation,2005,September,Sunday,9,Angle,Multi-Vehicle,152.33177,-24.875187,Isis Hwy,Steffensen St,Bundaberg West,Bundaberg Region,4670,Bundaberg,Wide Bay Burnett,Central,Southern,North Coast and Wide Bay/Burnett,Bundaberg,Bundaberg,Wide Bay,Inner Regional,Bundaberg,Hinkler,State-controlled,Intersection - Cross,Stop sign,60 km/h,Sealed - Dry,Clear,Daylight,Straight,Level,101,Veh'S Adjacent Approach: Thru-Thru,Intersection from adjacent approaches,0,1,0,0,1,2,0,0,0,0,0,0,0.011885,0.000001
154,Polygon,38,154,2,Kennedy Hwy,284657,Hospitalisation,2005,March,Thursday,16,Angle,Multi-Vehicle,145.478839,-17.223096,Kennedy Hwy,Main St,Tolga,Tablelands Region,4882,Atherton,Far North,Northern,Northern,North Queensland,Atherton,Tablelands (east) - Kuranda,Cairns,Outer Regional,Hill,Kennedy,State-controlled,Intersection - Cross,Give way sign,60 km/h,Sealed - Dry,Clear,Daylight,Straight,Level,101,Veh'S Adjacent Approach: Thru-Thru,Intersection from adjacent approaches,0,1,0,0,1,2,0,0,0,0,0,0,0.030078,0.000003
155,Polygon,9,155,2,Landsborough Hwy,239872,Hospitalisation,2005,August,Monday,19,Overturned,Single Vehicle,146.910222,-26.137591,Landsborough Hwy,<Null>,Clara Creek,Murweh Shire,4468,Morven,South West,Southern,Southern,Downs South West,Charleville,Outback - South,Queensland - Outback,Very Remote,Warrego,Maranoa,State-controlled,No Roadway Feature,No traffic control,100 - 110 km/h,Sealed - Dry,Clear,Darkness - Not lighted,Straight,Level,705,Off Path-Straight:Out Of Control On Cway,Out of control on straight,0,2,0,0,2,0,0,1,0,0,0,0,0.01065,0.000001
156,Polygon,22,156,2,Leichhardt Hwy,232017,Hospitalisation,2005,February,Tuesday,7,Sideswipe,Multi-Vehicle,150.334862,-28.003215,Leichhardt Hwy,Zupp Rd,Calingunee,Goondiwindi Region,4390,Goondiwindi,Darling Downs,Southern,Southern,Downs South West,Inglewood - Waggamba,Darling Downs (west) - Maranoa,Darling Downs - Maranoa,Outer Regional,Southern Downs,Maranoa,State-controlled,No Roadway Feature,No traffic control,100 - 110 km/h,Sealed - Dry,Clear,Daylight,Curved - view open,Grade,201,Veh'S Opposite Approach: Head On,Head-on,0,2,0,0,2,1,0,1,0,0,0,0,0.026329,0.000002
157,Polygon,2,157,2,Mitchell Hwy,239543,Hospitalisation,2005,January,Saturday,16,Hit object,Single Vehicle,145.761223,-28.102791,Mitchell Hwy,<Null>,Cunnamulla,Paroo Shire,4490,Cunnamulla,South West,Southern,Southern,Downs South West,Far South West,Outback - South,Queensland - Outback,Very Remote,Warrego,Maranoa,State-controlled,No Roadway Feature,No traffic control,100 - 110 km/h,Sealed - Dry,Clear,Daylight,Curved - view open,Level,803,Off Path-Curve: Off Cway Rt Bend Hit Obj,Off carriageway on curve hit object,0,1,0,0,1,0,0,1,0,0,0,0,0.002399,0
158,Polygon,3,158,2,Moonie Hwy,234989,Hospitalisation,2005,October,Tuesday,16,Overturned,Single Vehicle,149.734535,-27.921683,Moonie Hwy,<Null>,Westmar,Western Downs Region,4422,Meandarra,South West,Southern,Southern,Downs South West,Tara,Darling Downs (west) - Maranoa,Darling Downs - Maranoa,Remote,Warrego,Maranoa,State-controlled,No Roadway Feature,No traffic control,100 - 110 km/h,Sealed - Dry,Clear,Daylight,Straight,Level,702,Off Path-Straight: Right Off Cway,Off carriageway on straight,0,1,0,0,1,1,0,0,0,0,0,0,0.003611,0
159,Polygon,32,159,2,Mt Lindesay Hwy,67841,Hospitalisation,2005,April,Monday,6,Rear-end,Multi-Vehicle,152.938163,-28.035335,Mt Lindesay Hwy,Mundoolun Rd,Josephville,Scenic Rim Region,4285,Beaudesert,Logan,South Eastern,SEQ South,South Coast,Beaudesert,Beaudesert,Logan - Beaudesert,Inner Regional,Scenic Rim,Wright,State-controlled,No Roadway Feature,No traffic control,100 - 110 km/h,Sealed - Dry,Clear,Daylight,Curved - view obscured,Grade,301,Veh'S Same Direction: Rear End,Rear-end,0,2,0,0,2,1,0,1,0,0,0,0,0.015743,0.000002
160,Polygon,4,160,2,Mulligan Hwy,292570,Hospitalisation,2005,April,Friday,7,Angle,Multi-Vehicle,145.033576,-15.697324,Mulligan Hwy,<Null>,Lakeland,Cook Shire,4871,Cooktown,Far North,Northern,Northern,North Queensland,Cape York,Far North,Queensland - Outback,Remote,Cook,Leichhardt,State-controlled,No Roadway Feature,No traffic control,80 - 90 km/h,Sealed - Dry,Smoke/Dust,Daylight,Straight,Level,506,Veh'S Overtaking: Overtake-Right Turn,Overtaking same direction,0,1,0,0,1,1,0,1,0,0,0,0,0.004611,0
161,Polygon,48,161,2,New England Hwy,220832,Hospitalisation,2005,September,Sunday,11,Sideswipe,Multi-Vehicle,151.95046,-27.578386,New England Hwy,South St,South Toowoomba,Toowoomba Region,4350,Toowoomba,Darling Downs,Southern,Southern,Downs South West,Toowoomba - Central,Toowoomba,Toowoomba,Inner Regional,Toowoomba South,Groom,State-controlled,Intersection - Cross,No traffic control,60 km/h,Sealed - Dry,Clear,Daylight,Straight,Level,201,Veh'S Opposite Approach: Head On,Head-on,0,1,0,0,1,3,0,0,0,0,0,0,0.021678,0.000002
162,Polygon,1,162,2,Old Bruce Hwy,205065,Hospitalisation,2005,June,Saturday,14,Hit animal,Other,151.997644,-25.131155,Old Bruce Hwy,<Null>,Duingal,Bundaberg Region,4671,Childers,Wide Bay Burnett,Central,Southern,North Coast and Wide Bay/Burnett,Bundaberg Region - South,Bundaberg,Wide Bay,Inner Regional,Burnett,Hinkler,Locally-controlled,No Roadway Feature,No traffic control,80 - 90 km/h,Sealed - Dry,Clear,Daylight,Straight,Level,609,Pass & Misc: Hit Animal,Hit animal,0,1,0,0,1,0,1,0,0,0,0,1,0.001189,0
163,Polygon,1,163,2,Old Capricorn Hwy,255351,Hospitalisation,2005,February,Sunday,10,Hit parked vehicle,Single Vehicle,150.457706,-23.43055,Old Capricorn Hwy,<Null>,Gracemere,Rockhampton Region,4702,Gracemere,Capricornia,Central,Central,Central Queensland,Gracemere,Rockhampton,Central Queensland,Inner Regional,Rockhampton,Flynn,Locally-controlled,No Roadway Feature,No traffic control,60 km/h,Sealed - Dry,Clear,Daylight,Straight,Level,601,Veh'S On Path: Parked,Hit parked vehicle,0,1,0,0,1,0,1,1,0,0,0,0,0.001181,0
164,Polygon,1,164,2,Palmerston Hwy,302775,Hospitalisation,2005,June,Saturday,6,Hit animal,Other,145.74342,-17.594782,Palmerston Hwy,<Null>,Palmerston,Cassowary Coast Region,4860,South Johnstone,Far North,Northern,Northern,North Queensland,Johnstone,Innisfail - Cassowary Coast,Cairns,Outer Regional,Hill,Kennedy,State-controlled,No Roadway Feature,No traffic control,100 - 110 km/h,Sealed - Wet,Raining,Dawn/Dusk,Straight,Level,609,Pass & Misc: Hit Animal,Hit animal,0,2,0,0,2,1,0,0,0,0,0,1,0.001158,0
165,Polygon,15,165,2,Peak Downs Hwy,257905,Hospitalisation,2005,May,Wednesday,7,Hit object,Single Vehicle,147.689831,-22.658202,Peak Downs Hwy,<Null>,Wolfang,Isaac Region,4721,Clermont,Mackay,Central,Central,Central Queensland,Clermont,Bowen Basin - North,Mackay - Isaac - Whitsunday,Remote,Burdekin,Capricornia,State-controlled,No Roadway Feature,No traffic control,100 - 110 km/h,Sealed - Wet,Raining,Daylight,Curved - view obscured,Crest,607,Veh'S On Path: Temporary Object On C'Way,Other,0,1,0,0,1,0,0,1,0,0,0,0,0.014079,0.000001
166,Polygon,3,166,2,Sunshine Mwy,143604,Hospitalisation,2005,April,Tuesday,18,Hit object,Single Vehicle,153.073194,-26.535038,Sunshine Mwy,Yandina - Coolum Rd,Coolum Beach,Sunshine Coast Region,4573,Coolum,Sunshine Coast,Central,SEQ North,North Coast and Wide Bay/Burnett,Eumundi - Yandina,Nambour,Sunshine Coast,Inner Regional,Ninderry,Fairfax,State-controlled,Intersection - Roundabout,Give way sign,80 - 90 km/h,Sealed - Dry,Clear,Darkness - Lighted,Straight,Level,708,Off Path-Straight: Mounts Traffic Island,Off carriageway on straight hit object,0,1,0,0,1,1,0,0,0,0,0,0,0.002394,0
167,Polygon,68,167,2,Warrego Hwy,188502,Hospitalisation,2005,April,Tuesday,20,Rear-end,Multi-Vehicle,152.53266,-27.55144,Warrego Hwy,Water St,Minden,Somerset Region,4311,Marburg,Ipswich,Southern,SEQ North,North Coast and Wide Bay/Burnett,Lowood,Ipswich Hinterland,Ipswich,Inner Regional,Lockyer,Blair,State-controlled,No Roadway Feature,No traffic control,100 - 110 km/h,Sealed - Dry,Clear,Darkness - Not lighted,Straight,Grade,301,Veh'S Same Direction: Rear End,Rear-end,0,1,0,0,1,1,0,1,0,0,0,0,0.067057,0.000006
168,Polygon,3,168,2,Wide Bay Hwy,207079,Hospitalisation,2005,September,Sunday,13,Overturned,Single Vehicle,152.168056,-26.163805,Wide Bay Hwy,<Null>,Cinnabar,Gympie Region,4600,Kilkivan,Wide Bay Burnett,Central,Southern,North Coast and Wide Bay/Burnett,Kilkivan,Gympie - Cooloola,Wide Bay,Outer Regional,Nanango,Wide Bay,State-controlled,No Roadway Feature,No traffic control,100 - 110 km/h,Sealed - Dry,Clear,Daylight,Curved - view open,Crest,801,Off Path-Curve: Off Cway Right Bend,Off carriageway on curve,0,1,0,0,1,1,0,0,0,0,0,0,0.003584,0
169,Polygon,2,169,2,Balonne Hwy,238457,Hospitalisation,2006,December,Wednesday,16,Angle,Multi-Vehicle,148.581596,-28.035684,Balonne Hwy,Henry St,St George,Balonne Shire,4487,Saint George,South West,Southern,Southern,Downs South West,Balonne,Darling Downs (west) - Maranoa,Darling Downs - Maranoa,Remote,Warrego,Maranoa,State-controlled,Intersection - Cross,Stop sign,0 - 50 km/h,Sealed - Dry,Clear,Daylight,Straight,Level,101,Veh'S Adjacent Approach: Thru-Thru,Intersection from adjacent approaches,0,1,0,0,1,2,0,0,0,0,0,0,0.002411,0
170,Polygon,20,170,2,Barkly Hwy,304298,Hospitalisation,2006,August,Thursday,11,Overturned,Single Vehicle,137.998245,-19.916012,Barkly Hwy,Mullan St,Camooweal,Mount Isa City,4828,Camooweal,Mount Isa,Northern,Northern,North Queensland,Mount Isa Region,Outback - North,Queensland - Outback,Very Remote,Traeger,Kennedy,State-controlled,No Roadway Feature,No traffic control,100 - 110 km/h,Sealed - Dry,Clear,Daylight,Straight,Level,705,Off Path-Straight:Out Of Control On Cway,Out of control on straight,0,1,0,0,1,1,0,0,0,0,0,0,0.016364,0.000002
171,Polygon,2,171,2,Barwon Hwy,232054,Hospitalisation,2006,August,Wednesday,13,Overturned,Single Vehicle,149.676541,-28.418794,Barwon Hwy,Meandarra - Talwood Rd,Bungunya,Goondiwindi Region,4494,Talwood,Darling Downs,Southern,Southern,Downs South West,Inglewood - Waggamba,Darling Downs (west) - Maranoa,Darling Downs - Maranoa,Remote,Southern Downs,Maranoa,State-controlled,Intersection - T-Junction,Give way sign,100 - 110 km/h,Sealed - Dry,Clear,Daylight,Straight,Level,707,Off Path-Straight: Right Turn,Off carriageway on straight,0,1,0,0,1,0,0,1,0,0,0,0,0.002415,0
172,Polygon,6,172,2,Brisbane Valley Hwy,151018,Hospitalisation,2006,September,Saturday,9,Angle,Multi-Vehicle,152.639605,-27.431542,Brisbane Valley Hwy,Glamorgan Vale Rd,Fernvale,Somerset Region,4306,Lowood,Ipswich,Southern,SEQ North,North Coast and Wide Bay/Burnett,Lowood,Ipswich Hinterland,Ipswich,Inner Regional,Lockyer,Blair,State-controlled,No Roadway Feature,No traffic control,100 - 110 km/h,Sealed - Dry,Clear,Daylight,Curved - view open,Level,408,Veh'S Manoeuvring: Entering From Footway,Vehicle leaving driveway,0,1,0,0,1,1,0,1,0,0,0,0,0.00721,0.000001
173,Polygon,515,173,2,Bruce Hwy,148123,Hospitalisation,2006,January,Wednesday,6,Rear-end,Multi-Vehicle,152.836467,-26.387536,Bruce Hwy,Pomona Connection Rd,Pomona,Noosa Shire,4568,Pomona,Sunshine Coast,Central,SEQ North,North Coast and Wide Bay/Burnett,Noosa Hinterland,Noosa Hinterland,Sunshine Coast,Inner Regional,Noosa,Wide Bay,State-controlled,Intersection - T-Junction,No traffic control,100 - 110 km/h,Sealed - Wet,Raining,Dawn/Dusk,Straight,Dip,303,Veh'S Same Direction: Right Rear,Rear-end,0,4,0,0,4,2,0,0,0,0,0,0,0.306053,0.000029
174,Polygon,3,174,2,Bruce Hwy Off Ramp,148807,Hospitalisation,2006,March,Thursday,10,Rear-end,Multi-Vehicle,152.946355,-26.487635,Bruce Hwy Off Ramp,Eumundi - Noosa Rd,Eumundi,Sunshine Coast Region,4562,Eumundi,Sunshine Coast,Central,SEQ North,North Coast and Wide Bay/Burnett,Eumundi - Yandina,Nambour,Sunshine Coast,Inner Regional,Nicklin,Fairfax,State-controlled,Intersection - Roundabout,Give way sign,60 km/h,Sealed - Dry,Clear,Daylight,Straight,Level,301,Veh'S Same Direction: Rear End,Rear-end,0,1,0,0,1,2,0,0,0,0,0,0,0.002395,0