OBJECTID,Shape,Join_Count,TARGET_FID,Crash_Year,Crash_Street,Crash_Ref_Number,Crash_Severity,Crash_Year,Crash_Month,Crash_Day_Of_Week,Crash_Hour,Crash_Nature,Crash_Type,Crash_Longitude_GDA94,Crash_Latitude_GDA94,Crash_Street,Crash_Street_Intersecting,Loc_Suburb,Loc_Local_Government_Area,Loc_Post_Code,Loc_Police_Division,Loc_Police_District,Loc_Police_Region,Loc_Queensland_Transport_Region,Loc_Main_Roads_Region,Loc_ABS_Statistical_Area_2,Loc_ABS_Statistical_Area_3,Loc_ABS_Statistical_Area_4,Loc_ABS_Remoteness,Loc_State_Electorate,Loc_Federal_Electorate,Crash_Controlling_Authority,Crash_Roadway_Feature,Crash_Traffic_Control,Crash_Speed_Limit,Crash_Road_Surface_Condition,Crash_Atmospheric_Condition,Crash_Lighting_Condition,Crash_Road_Horiz_Align,Crash_Road_Vert_Align,Crash_DCA_Code,Crash_DCA_Description,Crash_DCA_Group_Description,Count_Casualty_Fatality,Count_Casualty_Hospitalised,Count_Casualty_MedicallyTreated,Count_Casualty_MinorInjury,Count_Casualty_Total,Count_Unit_Car,Count_Unit_Motorcycle_Moped,Count_Unit_Truck,Count_Unit_Bus,Count_Unit_Bicycle,Count_Unit_Pedestrian,Count_Unit_Other,Shape_Length,Shape_Area
218,Polygon,24,218,2,Isis Hwy,199976,Hospitalisation,2007,May,Friday,17,Hit object,Single Vehicle,151.889771,-25.61247,Isis Hwy,Isis Hwy Service Rd,Coalstoun Lakes,North Burnett Region,4621,Biggenden,Wide Bay Burnett,Central,Southern,North Coast and Wide Bay/Burnett,Gayndah - Mundubbera,Burnett,Wide Bay,Outer Regional,Callide,Flynn,State-controlled,No Roadway Feature,No traffic control,60 km/h,Sealed - Dry,Clear,Dawn/Dusk,Straight,Level,400,Veh'S Manoeuvring: Other,Other,0,1,0,0,1,1,0,0,0,0,0,0,0.018104,0.000002
219,Polygon,64,219,2,Kennedy Hwy,284971,Hospitalisation,2007,April,Sunday,18,Angle,Multi-Vehicle,145.494981,-17.284994,Kennedy Hwy,Malanda - Atherton Rd,Atherton,Tablelands Region,4883,Atherton,Far North,Northern,Northern,North Queensland,Atherton,Tablelands (east) - Kuranda,Cairns,Outer Regional,Hill,Kennedy,State-controlled,Intersection - T-Junction,Give way sign,80 - 90 km/h,Sealed - Wet,Raining,Darkness - Lighted,Straight,Grade,104,Veh'S Adjacent Approach: Thru-Right,Intersection from adjacent approaches,0,2,2,0,4,2,0,0,0,0,0,0,0.03837,0.000004
220,Polygon,12,220,2,Landsborough Hwy,239904,Hospitalisation,2007,April,Friday,8,Hit object,Single Vehicle,147.005897,-26.29919,Landsborough Hwy,<Null>,Clara Creek,Murweh Shire,4468,Morven,South West,Southern,Southern,Downs South West,Charleville,Outback - South,Queensland - Outback,Very Remote,Warrego,Maranoa,State-controlled,Bridge/Causeway,No traffic control,100 - 110 km/h,Sealed - Dry,Clear,Daylight,Straight,Level,704,Off Path-Straight:Right Off Cway Hit Obj,Off carriageway on straight hit object,0,2,0,1,3,1,0,0,0,0,0,0,0.014163,0.000001
221,Polygon,12,221,2,Leichhardt Hwy,232078,Fatal,2007,November,Monday,20,Non-collision - miscellaneous,Other,150.299337,-28.442766,Leichhardt Hwy,Moonie Hwy,Goondiwindi,Goondiwindi Region,4390,Goondiwindi,Darling Downs,Southern,Southern,Downs South West,Goondiwindi,Darling Downs (west) - Maranoa,Darling Downs - Maranoa,Outer Regional,Southern Downs,Maranoa,State-controlled,No Roadway Feature,No traffic control,100 - 110 km/h,Sealed - Dry,Clear,Darkness - Not lighted,Straight,Level,900,Pass & Misc: Other,Other,1,0,0,0,1,0,1,1,0,0,0,0,0.013165,0.000001
222,Polygon,1,222,2,Mitchell Hwy,239921,Hospitalisation,2007,November,Thursday,4,Hit animal,Other,146.232128,-26.466131,Mitchell Hwy,<Null>,Charleville,Murweh Shire,4470,Charleville,South West,Southern,Southern,Downs South West,Charleville,Outback - South,Queensland - Outback,Very Remote,Warrego,Maranoa,State-controlled,No Roadway Feature,No traffic control,100 - 110 km/h,Sealed - Dry,Clear,Darkness - Not lighted,Straight,Level,609,Pass & Misc: Hit Animal,Hit animal,0,1,0,0,1,0,1,0,0,0,0,1,0.001196,0
223,Polygon,3,223,2,Moonie Hwy,230028,Hospitalisation,2007,November,Friday,10,Hit object,Single Vehicle,150.985218,-27.322871,Moonie Hwy,<Null>,Ducklo,Western Downs Region,4405,Dalby,South West,Southern,Southern,Downs South West,Wambo,Darling Downs - East,Darling Downs - Maranoa,Inner Regional,Warrego,Maranoa,State-controlled,No Roadway Feature,No traffic control,100 - 110 km/h,Sealed - Dry,Clear,Daylight,Curved - view open,Level,805,Off Path-Curve: Out Of Control On Cway,Out of control on curve,0,1,2,0,3,1,0,0,0,0,0,0,0.003605,0
224,Polygon,19,224,2,Mt Lindesay Hwy,67760,Hospitalisation,2007,January,Saturday,10,Head-on,Multi-Vehicle,152.977015,-28.014502,Mt Lindesay Hwy,Mundoolun Rd,Cryna,Scenic Rim Region,4285,Beaudesert,Logan,South Eastern,SEQ South,South Coast,Beaudesert,Beaudesert,Logan - Beaudesert,Inner Regional,Scenic Rim,Wright,State-controlled,No Roadway Feature,No traffic control,100 - 110 km/h,Sealed - Dry,Clear,Daylight,Straight,Level,201,Veh'S Opposite Approach: Head On,Head-on,0,4,0,0,4,2,0,0,0,0,0,0,0.01205,0.000001
225,Polygon,69,225,2,New England Hwy,220832,Hospitalisation,2007,September,Sunday,11,Sideswipe,Multi-Vehicle,151.95046,-27.578386,New England Hwy,South St,South Toowoomba,Toowoomba Region,4350,Toowoomba,Darling Downs,Southern,Southern,Downs South West,Toowoomba - Central,Toowoomba,Toowoomba,Inner Regional,Toowoomba South,Groom,State-controlled,Intersection - Cross,No traffic control,60 km/h,Sealed - Dry,Clear,Daylight,Straight,Level,201,Veh'S Opposite Approach: Head On,Head-on,0,1,0,0,1,3,0,0,0,0,0,0,0.046957,0.000004
226,Polygon,1,226,2,Old Bruce Hwy,213149,Hospitalisation,2007,April,Tuesday,21,Hit object,Single Vehicle,152.571469,-25.325168,Old Bruce Hwy,Powerhouse Rd,Howard,Fraser Coast Region,4659,Howard,Wide Bay Burnett,Central,Southern,North Coast and Wide Bay/Burnett,Burrum - Fraser,Maryborough,Wide Bay,Inner Regional,Maryborough,Hinkler,Locally-controlled,Intersection - T-Junction,No traffic control,60 km/h,Sealed - Dry,Clear,Darkness - Lighted,Straight,Level,700,Off Path-Straight: Other,Other,0,1,0,0,1,1,0,0,0,0,0,0,0.00119,0
227,Polygon,1,227,2,Palmerston Hwy,302813,Hospitalisation,2007,September,Saturday,15,Head-on,Multi-Vehicle,145.861922,-17.593316,Palmerston Hwy,<Null>,East Palmerston,Cassowary Coast Region,4860,South Johnstone,Far North,Northern,Northern,North Queensland,Johnstone,Innisfail - Cassowary Coast,Cairns,Outer Regional,Hill,Kennedy,State-controlled,No Roadway Feature,No traffic control,100 - 110 km/h,Sealed - Dry,Clear,Daylight,Curved - view obscured,Level,201,Veh'S Opposite Approach: Head On,Head-on,0,1,0,0,1,2,0,0,0,0,0,0,0.001158,0
228,Polygon,7,228,2,Peak Downs Hwy,258392,Fatal,2007,August,Friday,22,Hit object,Single Vehicle,148.936662,-21.336179,Peak Downs Hwy,<Null>,Eton,Mackay Region,4741,Eton,Mackay,Central,Central,Central Queensland,Walkerston - Eton,Mackay,Mackay - Isaac - Whitsunday,Outer Regional,Mirani,Capricornia,State-controlled,No Roadway Feature,No traffic control,60 km/h,Sealed - Dry,Clear,Darkness - Not lighted,Curved - view open,Grade,803,Off Path-Curve: Off Cway Rt Bend Hit Obj,Off carriageway on curve hit object,1,0,0,0,1,0,0,1,0,0,0,0,0.008208,0.000001
229,Polygon,2,229,2,Scenic Hwy,254653,Hospitalisation,2007,February,Sunday,12,Rear-end,Multi-Vehicle,150.791756,-23.17751,Scenic Hwy,<Null>,Rosslyn,Livingstone Shire,4703,Yeppoon,Capricornia,Central,Central,Central Queensland,Yeppoon,Rockhampton,Central Queensland,Inner Regional,Keppel,Capricornia,Locally-controlled,No Roadway Feature,No traffic control,80 - 90 km/h,Sealed - Dry,Clear,Daylight,Straight,Grade,302,Veh'S Same Direction: Left Rear,Rear-end,0,1,0,0,1,2,0,0,0,0,0,0,0.00236,0
230,Polygon,84,230,2,Warrego Hwy,151041,Hospitalisation,2007,April,Saturday,12,Hit object,Single Vehicle,152.499142,-27.550354,Warrego Hwy,West St,Prenzlau,Somerset Region,4311,Marburg,Ipswich,Southern,SEQ North,North Coast and Wide Bay/Burnett,Lowood,Ipswich Hinterland,Ipswich,Inner Regional,Lockyer,Blair,State-controlled,No Roadway Feature,No traffic control,100 - 110 km/h,Sealed - Dry,Clear,Daylight,Curved - view open,Level,804,Off Path-Curve: Off Cway Lt Bend Hit Obj,Off carriageway on curve hit object,0,1,0,0,1,1,0,0,0,0,0,0,0.068492,0.000007
231,Polygon,2,231,2,Wide Bay Hwy,207108,Fatal,2007,February,Sunday,5,Hit object,Single Vehicle,152.154051,-26.169338,Wide Bay Hwy,<Null>,Kinbombi,Gympie Region,4601,Kilkivan,Wide Bay Burnett,Central,Southern,North Coast and Wide Bay/Burnett,Kilkivan,Gympie - Cooloola,Wide Bay,Outer Regional,Nanango,Wide Bay,State-controlled,No Roadway Feature,No traffic control,100 - 110 km/h,Sealed - Dry,Clear,Dawn/Dusk,Straight,Grade,704,Off Path-Straight:Right Off Cway Hit Obj,Off carriageway on straight hit object,1,1,0,0,2,1,0,0,0,0,0,0,0.00239,0
232,Polygon,1,232,2,Banfield Hwy,277250,Hospitalisation,2008,December,Sunday,10,Hit object,Single Vehicle,146.578243,-18.746295,Banfield Hwy,Kalkadoon Rd,Palm Island,Palm Island Aboriginal Shire,4816,Palm Island,Townsville,Northern,Northern,North Queensland,Palm Island,Charters Towers - Ayr - Ingham,Townsville,Remote,Townsville,Herbert,Locally-controlled,Intersection - T-Junction,Stop sign,0 - 50 km/h,Sealed - Dry,Clear,Daylight,Curved - view open,Dip,800,Off Path-Curve: Other,Other,0,1,0,0,1,0,1,0,0,0,0,0,0.001162,0
233,Polygon,21,233,2,Barkly Hwy,304310,Hospitalisation,2008,October,Thursday,16,Overturned,Single Vehicle,138.499208,-19.983793,Barkly Hwy,Milne Bay Rd,Barkly,Mount Isa City,4825,Camooweal,Mount Isa,Northern,Northern,North Queensland,Mount Isa Region,Outback - North,Queensland - Outback,Very Remote,Traeger,Kennedy,State-controlled,No Roadway Feature,No traffic control,100 - 110 km/h,Sealed - Dry,Clear,Daylight,Curved - view open,Level,805,Off Path-Curve: Out Of Control On Cway,Out of control on curve,0,1,0,0,1,1,0,0,0,0,0,0,0.023384,0.000002
234,Polygon,1,234,2,Barwon Hwy,238459,Hospitalisation,2008,June,Tuesday,16,Hit object,Single Vehicle,148.829203,-28.347339,Barwon Hwy,Carnarvon Hwy,Thallon,Balonne Shire,4497,Thallon,South West,Southern,Southern,Downs South West,Balonne,Darling Downs (west) - Maranoa,Darling Downs - Maranoa,Remote,Warrego,Maranoa,State-controlled,Intersection - T-Junction,No traffic control,60 km/h,Sealed - Dry,Clear,Daylight,Straight,Level,700,Off Path-Straight: Other,Other,0,1,0,0,1,1,0,0,0,0,0,0,0.001207,0
235,Polygon,13,235,2,Brisbane Valley Hwy,150985,Fatal,2008,December,Saturday,8,Angle,Multi-Vehicle,152.629038,-27.410913,Brisbane Valley Hwy,Wivenhoe Pkt Rd,Wivenhoe Pocket,Somerset Region,4306,Lowood,Ipswich,Southern,SEQ North,North Coast and Wide Bay/Burnett,Lowood,Ipswich Hinterland,Ipswich,Inner Regional,Nanango,Blair,State-controlled,Intersection - T-Junction,Give way sign,100 - 110 km/h,Sealed - Dry,Clear,Daylight,Straight,Level,104,Veh'S Adjacent Approach: Thru-Right,Intersection from adjacent approaches,1,0,0,0,1,1,1,0,0,0,0,0,0.012103,0.000001
236,Polygon,555,236,2,Bruce Hwy,144087,Hospitalisation,2008,June,Saturday,12,Hit object,Single Vehicle,152.965478,-26.556592,Bruce Hwy,Bruce Hwy Off Ramp,Yandina,Sunshine Coast Region,4561,Nambour,Sunshine Coast,Central,SEQ North,North Coast and Wide Bay/Burnett,Eumundi - Yandina,Nambour,Sunshine Coast,Inner Regional,Nicklin,Fairfax,State-controlled,No Roadway Feature,No traffic control,100 - 110 km/h,Sealed - Dry,Clear,Daylight,Straight,Level,610,Pass & Misc: Load Hit Vehicle,Other,0,1,0,0,1,2,0,0,0,0,0,0,0.347811,0.000033
237,Polygon,3,237,2,Bruce Hwy Off Ramp,150270,Hospitalisation,2008,November,Saturday,17,Hit object,Single Vehicle,153.042079,-26.771655,Bruce Hwy Off Ramp,<Null>,Glenview,Sunshine Coast Region,4553,Beerwah,Sunshine Coast,Central,SEQ North,North Coast and Wide Bay/Burnett,Landsborough,Sunshine Coast Hinterland,Sunshine Coast,Inner Regional,Caloundra,Fisher,State-controlled,Intersection - Interchange,No traffic control,80 - 90 km/h,Sealed - Wet,Raining,Daylight,Curved - view open,Level,607,Veh'S On Path: Temporary Object On C'Way,Other,0,1,0,0,1,1,0,0,0,0,0,0,0.002396,0
238,Polygon,2,238,2,Bruce Hwy On Ramp,144054,Hospitalisation,2008,March,Saturday,6,Sideswipe,Multi-Vehicle,152.96859,-26.559745,Bruce Hwy On Ramp,Yandina - Coolum Rd,Yandina,Sunshine Coast Region,4561,Nambour,Sunshine Coast,Central,SEQ North,North Coast and Wide Bay/Burnett,Eumundi - Yandina,Nambour,Sunshine Coast,Inner Regional,Ninderry,Fairfax,State-controlled,Intersection - Roundabout,No traffic control,60 km/h,Sealed - Wet,Clear,Daylight,Curved - view open,Level,309,Veh'S Same Direction: Left Turn S/Swipe,Parallel lanes turning,0,1,0,0,1,1,1,0,0,0,0,0,0.002361,0
239,Polygon,3,239,2,Bruce Hwy Ramp K,215795,Hospitalisation,2008,March,Thursday,0,Hit object,Single Vehicle,152.663428,-25.564716,Bruce Hwy,Maryborough - Hervey Bay Rd,Tinana,Fraser Coast Region,4650,Maryborough,Wide Bay Burnett,Central,Southern,North Coast and Wide Bay/Burnett,Tinana,Maryborough,Wide Bay,Inner Regional,Maryborough,Wide Bay,State-controlled,Intersection - T-Junction,No traffic control,60 km/h,Sealed - Dry,Clear,Darkness - Lighted,Curved - view obscured,Grade,800,Off Path-Curve: Other,Other,0,1,0,0,1,1,0,0,0,0,0,0,0.001192,0
240,Polygon,1,240,2,Bruce Hwy Service Rd,293842,Hospitalisation,2008,June,Sunday,10,Hit pedestrian,Hit pedestrian,145.74512,-17.021123,Bruce Hwy Service Rd,<Null>,Edmonton,Cairns Region,4869,Edmonton,Far North,Northern,Northern,North Queensland,Edmonton,Cairns - South,Cairns,Outer Regional,Mulgrave,Kennedy,Locally-controlled,No Roadway Feature,No traffic control,60 km/h,Sealed - Dry,Clear,Daylight,Straight,Level,2,Ped'N: Hit Emerging Behind Vehicle,Pedestrian,0,1,0,0,1,1,0,0,0,0,1,0,0.001156,0
241,Polygon,24,241,2,Bunya Hwy,207045,Hospitalisation,2008,October,Monday,13,Overturned,Single Vehicle,152.068779,-26.198279,Bunya Hwy,Burnett Hwy,Goomeri,Gympie Region,4601,Goomeri,Wide Bay Burnett,Central,Southern,North Coast and Wide Bay/Burnett,Kilkivan,Gympie - Cooloola,Wide Bay,Outer Regional,Nanango,Wide Bay,State-controlled,Intersection - T-Junction,No traffic control,100 - 110 km/h,Sealed - Dry,Clear,Daylight,Curved - view open,Grade,806,Vehicle Left-Turning At I/S (Or Driveway,Out of control on curve,0,1,0,0,1,0,0,1,0,0,0,0,0.015954,0.000002
242,Polygon,16,242,2,Burnett Hwy,205843,Hospitalisation,2008,July,Friday,17,Fall from vehicle,Single Vehicle,151.190866,-25.140306,Burnett Hwy,Rayleigh St,Abercorn,North Burnett Region,4627,Eidsvold,Wide Bay Burnett,Central,Southern,North Coast and Wide Bay/Burnett,Monto - Eidsvold,Burnett,Wide Bay,Outer Regional,Callide,Flynn,State-controlled,No Roadway Feature,No traffic control,100 - 110 km/h,Sealed - Dry,Clear,Darkness - Not lighted,Straight,Level,901,Pass & Misc: Fell In/From Vehicle,Other,0,1,0,0,1,1,0,0,0,0,0,0,0.016643,0.000002
243,Polygon,26,243,2,Capricorn Hwy,240185,Hospitalisation,2008,April,Tuesday,12,Hit object,Single Vehicle,147.832245,-23.546529,Capricorn Hwy,Fairy Bower Rd,The Gemfields,Central Highlands Region,4702,Anakie,Capricornia,Central,Central,Central Queensland,Central Highlands - West,Central Highlands (qld),Central Queensland,Remote,Gregory,Flynn,State-controlled,No Roadway Feature,No traffic control,100 - 110 km/h,Sealed - Dry,Clear,Daylight,Straight,Level,703,Off Path-Straight: Left Off Cway Hit Obj,Off carriageway on straight hit object,0,1,0,0,1,1,0,0,0,0,0,0,0.027185,0.000003
244,Polygon,84,244,2,Captain Cook Hwy,286800,Hospitalisation,2008,October,Tuesday,15,Angle,Multi-Vehicle,145.765068,-16.913492,Captain Cook Hwy,Grove St,Cairns North,Cairns Region,4870,Cairns,Far North,Northern,Northern,North Queensland,Cairns City,Cairns - South,Cairns,Outer Regional,Cairns,Leichhardt,State-controlled,Intersection - Cross,Operating traffic lights,60 km/h,Sealed - Dry,Clear,Daylight,Straight,Level,100,Veh'S Adjacent Approach: Other,Intersection from adjacent approaches,0,1,0,0,1,1,0,0,0,1,0,0,0.036795,0.000003
245,Polygon,6,245,2,Carnarvon Hwy,238051,Hospitalisation,2008,March,Friday,16,Overturned,Single Vehicle,148.667368,-26.170223,Carnarvon Hwy,<Null>,Eumamurrin,Maranoa Region,4455,Injune,South West,Southern,Southern,Downs South West,Roma Region,Darling Downs (west) - Maranoa,Darling Downs - Maranoa,Remote,Warrego,Maranoa,State-controlled,No Roadway Feature,No traffic control,100 - 110 km/h,Sealed - Dry,Clear,Daylight,Straight,Level,701,Off Path-Straight: Left Off Cway,Off carriageway on straight,0,1,0,0,1,1,0,0,0,0,0,0,0.007172,0.000001
246,Polygon,29,246,2,Cunningham Hwy,186795,Hospitalisation,2008,January,Saturday,12,Overturned,Single Vehicle,152.445638,-28.048838,Cunningham Hwy,Gimpels Rd,Tarome,Scenic Rim Region,4309,Boonah,Ipswich,Southern,SEQ South,South Coast,Boonah,Ipswich Hinterland,Ipswich,Inner Regional,Scenic Rim,Wright,State-controlled,No Roadway Feature,No traffic control,80 - 90 km/h,Sealed - Wet,Raining,Daylight,Curved - view obscured,Grade,802,Off Path-Curve: Off Cway Left Bend,Off carriageway on curve,0,1,1,1,3,1,0,0,0,0,0,0,0.027848,0.000003
247,Polygon,43,247,2,D'Aguilar Hwy,149662,Hospitalisation,2008,January,Monday,11,Fall from vehicle,Single Vehicle,152.565325,-26.947059,D'Aguilar Hwy,Rose St,Kilcoy,Somerset Region,4515,Kilcoy,Moreton,Southern,SEQ North,North Coast and Wide Bay/Burnett,Kilcoy,Caboolture Hinterland,Moreton Bay - North,Inner Regional,Nanango,Blair,State-controlled,No Roadway Feature,No traffic control,0 - 50 km/h,Sealed - Dry,Clear,Daylight,Straight,Level,400,Veh'S Manoeuvring: Other,Other,0,1,0,0,1,0,1,0,0,0,0,0,0.038357,0.000004
248,Polygon,21,248,2,Dawson Hwy,240304,Hospitalisation,2008,August,Sunday,9,Rear-end,Multi-Vehicle,150.142639,-24.464886,Dawson Hwy,State Farm Rd,Banana,Banana Shire,4702,Moura,Capricornia,Central,Central,Central Queensland,Banana,Biloela,Central Queensland,Outer Regional,Callide,Flynn,State-controlled,No Roadway Feature,No traffic control,100 - 110 km/h,Sealed - Dry,Clear,Daylight,Straight,Grade,303,Veh'S Same Direction: Right Rear,Rear-end,0,1,0,0,1,1,1,0,0,0,0,0,0.016588,0.000002
249,Polygon,26,249,2,Flinders Hwy,269936,Hospitalisation,2008,November,Sunday,14,Hit object,Single Vehicle,146.13817,-20.126414,Flinders Hwy,Woodstock - Giru Rd,Southern Cross,Charters Towers Region,4820,Charters Towers,Townsville,Northern,Northern,North Queensland,Dalrymple,Charters Towers - Ayr - Ingham,Townsville,Outer Regional,Traeger,Kennedy,State-controlled,No Roadway Feature,No traffic control,100 - 110 km/h,Sealed - Dry,Clear,Daylight,Straight,Level,703,Off Path-Straight: Left Off Cway Hit Obj,Off carriageway on straight hit object,0,2,0,0,2,1,0,0,0,0,0,0,0.024523,0.000002
250,Polygon,5,250,2,Gore Hwy,231163,Fatal,2008,July,Friday,15,Head-on,Multi-Vehicle,151.440789,-27.759354,Gore Hwy,<Null>,Brookstead,Toowoomba Region,4364,Pittsworth,Darling Downs,Southern,Southern,Downs South West,Pittsworth,Darling Downs - East,Darling Downs - Maranoa,Inner Regional,Condamine,Groom,State-controlled,No Roadway Feature,No traffic control,100 - 110 km/h,Sealed - Dry,Clear,Daylight,Straight,Level,201,Veh'S Opposite Approach: Head On,Head-on,1,0,0,0,1,1,0,1,0,0,0,0,0.006025,0.000001
251,Polygon,7,251,2,Gregory Hwy,241516,Hospitalisation,2008,November,Friday,20,Hit object,Single Vehicle,147.862862,-23.00557,Gregory Hwy,Harris St,Hibernia,Central Highlands Region,4723,Capella,Capricornia,Central,Central,Central Queensland,Central Highlands - West,Central Highlands (qld),Central Queensland,Remote,Gregory,Flynn,State-controlled,No Roadway Feature,No traffic control,100 - 110 km/h,Sealed - Wet,Raining,Darkness - Not lighted,Straight,Level,704,Off Path-Straight:Right Off Cway Hit Obj,Off carriageway on straight hit object,0,3,0,0,3,1,0,0,0,0,0,0,0.005904,0.000001
252,Polygon,31,252,2,Isis Hwy,199967,Hospitalisation,2008,September,Monday,10,Angle,Multi-Vehicle,152.053287,-25.47757,Isis Hwy,Seccombes Rd,Degilbo,North Burnett Region,4621,Biggenden,Wide Bay Burnett,Central,Southern,North Coast and Wide Bay/Burnett,Gayndah - Mundubbera,Burnett,Wide Bay,Outer Regional,Callide,Flynn,State-controlled,Intersection - Cross,Give way sign,100 - 110 km/h,Sealed - Dry,Clear,Daylight,Curved - view open,Level,102,Veh'S Adjacent Approach: Right-Thru,Intersection from adjacent approaches,0,2,0,1,3,2,0,0,0,0,0,0,0.024984,0.000002
253,Polygon,50,253,2,Kennedy Hwy,284657,Hospitalisation,2008,March,Thursday,16,Angle,Multi-Vehicle,145.478839,-17.223096,Kennedy Hwy,Main St,Tolga,Tablelands Region,4882,Atherton,Far North,Northern,Northern,North Queensland,Atherton,Tablelands (east) - Kuranda,Cairns,Outer Regional,Hill,Kennedy,State-controlled,Intersection - Cross,Give way sign,60 km/h,Sealed - Dry,Clear,Daylight,Straight,Level,101,Veh'S Adjacent Approach: Thru-Thru,Intersection from adjacent approaches,0,1,0,0,1,2,0,0,0,0,0,0,0.025254,0.000002
254,Polygon,14,254,2,Landsborough Hwy,239925,Hospitalisation,2008,March,Tuesday,9,Hit object,Single Vehicle,146.590418,-25.781545,Landsborough Hwy,Leek St,Augathella,Murweh Shire,4477,Augathella,South West,Southern,Southern,Downs South West,Charleville,Outback - South,Queensland - Outback,Very Remote,Warrego,Maranoa,State-controlled,Bridge/Causeway,No traffic control,100 - 110 km/h,Sealed - Dry,Clear,Daylight,Curved - view open,Level,805,Off Path-Curve: Out Of Control On Cway,Out of control on curve,0,1,0,0,1,0,0,1,0,0,0,0,0.016545,0.000002
255,Polygon,15,255,2,Leichhardt Hwy,232084,Hospitalisation,2008,January,Saturday,7,Overturned,Single Vehicle,150.282459,-28.21412,Leichhardt Hwy,<Null>,Billa Billa,Goondiwindi Region,4390,Goondiwindi,Darling Downs,Southern,Southern,Downs South West,Inglewood - Waggamba,Darling Downs (west) - Maranoa,Darling Downs - Maranoa,Outer Regional,Southern Downs,Maranoa,State-controlled,No Roadway Feature,No traffic control,100 - 110 km/h,Sealed - Wet,Clear,Daylight,Straight,Level,705,Off Path-Straight:Out Of Control On Cway,Out of control on straight,0,1,0,0,1,1,0,0,0,0,0,0,0.017915,0.000002
256,Polygon,1,256,2,Mitchell Hwy,239926,Hospitalisation,2008,April,Monday,17,Angle,Multi-Vehicle,146.240871,-26.40641,Mitchell Hwy,Parry St,Charleville,Murweh Shire,4470,Charleville,South West,Southern,Southern,Downs South West,Charleville,Outback - South,Queensland - Outback,Very Remote,Warrego,Maranoa,State-controlled,Intersection - Cross,Give way sign,0 - 50 km/h,Sealed - Dry,Clear,Daylight,Straight,Level,408,Veh'S Manoeuvring: Entering From Footway,Vehicle leaving driveway,0,1,0,0,1,1,0,0,0,1,0,0,0.001196,0
257,Polygon,9,257,2,Moonie Hwy,230031,Hospitalisation,2008,May,Monday,18,Overturned,Single Vehicle,151.168431,-27.219114,Moonie Hwy,Nandi Rd,Nandi,Western Downs Region,4405,Dalby,South West,Southern,Southern,Downs South West,Wambo,Darling Downs - East,Darling Downs - Maranoa,Inner Regional,Warrego,Maranoa,State-controlled,No Roadway Feature,No traffic control,100 - 110 km/h,Sealed - Dry,Clear,Darkness - Not lighted,Curved - view open,Level,801,Off Path-Curve: Off Cway Right Bend,Off carriageway on curve,0,1,0,0,1,0,0,1,0,0,0,0,0.007214,0.000001
258,Polygon,25,258,2,Mt Lindesay Hwy,67927,Hospitalisation,2008,January,Thursday,9,Rear-end,Multi-Vehicle,152.994273,-27.979873,Mt Lindesay Hwy,Mt Lindesay Hwy Service Rd,Beaudesert,Scenic Rim Region,4285,Beaudesert,Logan,South Eastern,SEQ South,South Coast,Beaudesert,Beaudesert,Logan - Beaudesert,Inner Regional,Scenic Rim,Wright,State-controlled,No Roadway Feature,No traffic control,60 km/h,Sealed - Dry,Clear,Daylight,Straight,Level,303,Veh'S Same Direction: Right Rear,Rear-end,0,1,0,0,1,2,0,0,0,0,0,0,0.011842,0.000001
259,Polygon,1,259,2,Mulligan Hwy,292613,Hospitalisation,2008,May,Sunday,10,Angle,Multi-Vehicle,145.241812,-15.489785,Mulligan Hwy,Hutchinson St,Cooktown,Cook Shire,4895,Cooktown,Far North,Northern,Northern,North Queensland,Cape York,Far North,Queensland - Outback,Remote,Cook,Leichhardt,State-controlled,Intersection - T-Junction,No traffic control,100 - 110 km/h,Sealed - Dry,Clear,Daylight,Straight,Level,506,Veh'S Overtaking: Overtake-Right Turn,Overtaking same direction,0,2,1,0,3,2,0,0,0,0,0,0,0.001152,0
260,Polygon,54,260,2,New England Hwy,191257,Hospitalisation,2008,March,Tuesday,6,Hit object,Single Vehicle,151.942605,-27.625518,New England Hwy,Upper Flagstone Ck Rd,Top Camp,Toowoomba Region,4350,Drayton,Darling Downs,Southern,Southern,Downs South West,Cambooya - Wyreema,Toowoomba,Toowoomba,Inner Regional,Condamine,Groom,State-controlled,Intersection - T-Junction,No traffic control,80 - 90 km/h,Sealed - Wet,Raining,Daylight,Curved - view open,Grade,803,Off Path-Curve: Off Cway Rt Bend Hit Obj,Off carriageway on curve hit object,0,1,0,0,1,1,0,0,0,0,0,0,0.023031,0.000002
261,Polygon,3,261,2,Palmerston Hwy,302825,Hospitalisation,2008,May,Friday,15,Hit object,Single Vehicle,145.743792,-17.595021,Palmerston Hwy,<Null>,Palmerston,Cassowary Coast Region,4860,South Johnstone,Far North,Northern,Northern,North Queensland,Johnstone,Innisfail - Cassowary Coast,Cairns,Outer Regional,Hill,Kennedy,State-controlled,No Roadway Feature,No traffic control,100 - 110 km/h,Sealed - Wet,Raining,Daylight,Curved - view open,Grade,803,Off Path-Curve: Off Cway Rt Bend Hit Obj,Off carriageway on curve hit object,0,1,1,0,2,1,0,0,0,0,0,0,0.002317,0