OBJECTID,Shape,Join_Count,TARGET_FID,Crash_Year,Crash_Street,Crash_Ref_Number,Crash_Severity,Crash_Year,Crash_Month,Crash_Day_Of_Week,Crash_Hour,Crash_Nature,Crash_Type,Crash_Longitude_GDA94,Crash_Latitude_GDA94,Crash_Street,Crash_Street_Intersecting,Loc_Suburb,Loc_Local_Government_Area,Loc_Post_Code,Loc_Police_Division,Loc_Police_District,Loc_Police_Region,Loc_Queensland_Transport_Region,Loc_Main_Roads_Region,Loc_ABS_Statistical_Area_2,Loc_ABS_Statistical_Area_3,Loc_ABS_Statistical_Area_4,Loc_ABS_Remoteness,Loc_State_Electorate,Loc_Federal_Electorate,Crash_Controlling_Authority,Crash_Roadway_Feature,Crash_Traffic_Control,Crash_Speed_Limit,Crash_Road_Surface_Condition,Crash_Atmospheric_Condition,Crash_Lighting_Condition,Crash_Road_Horiz_Align,Crash_Road_Vert_Align,Crash_DCA_Code,Crash_DCA_Description,Crash_DCA_Group_Description,Count_Casualty_Fatality,Count_Casualty_Hospitalised,Count_Casualty_MedicallyTreated,Count_Casualty_MinorInjury,Count_Casualty_Total,Count_Unit_Car,Count_Unit_Motorcycle_Moped,Count_Unit_Truck,Count_Unit_Bus,Count_Unit_Bicycle,Count_Unit_Pedestrian,Count_Unit_Other,Shape_Length,Shape_Area
348,Polygon,1,348,2,Bruce Hwy On/Off Ramp,284395,Hospitalisation,2011,May,Friday,14,Hit object,Single Vehicle,146.668227,-19.241194,Bruce Hwy On/Off Ramp,<Null>,Deeragun,Townsville City,4818,Deeragun,Townsville,Northern,Northern,North Queensland,Deeragun,Townsville,Townsville,Outer Regional,Hinchinbrook,Herbert,State-controlled,Bridge/Causeway,No traffic control,60 km/h,Sealed - Dry,Clear,Daylight,Straight,Level,700,Off Path-Straight: Other,Other,0,1,0,0,1,1,0,0,0,0,0,0,0.001164,0
349,Polygon,3,349,2,Bruce Hwy Ramp K,215795,Hospitalisation,2011,March,Thursday,0,Hit object,Single Vehicle,152.663428,-25.564716,Bruce Hwy,Maryborough - Hervey Bay Rd,Tinana,Fraser Coast Region,4650,Maryborough,Wide Bay Burnett,Central,Southern,North Coast and Wide Bay/Burnett,Tinana,Maryborough,Wide Bay,Inner Regional,Maryborough,Wide Bay,State-controlled,Intersection - T-Junction,No traffic control,60 km/h,Sealed - Dry,Clear,Darkness - Lighted,Curved - view obscured,Grade,800,Off Path-Curve: Other,Other,0,1,0,0,1,1,0,0,0,0,0,0,0.001192,0
350,Polygon,17,350,2,Bunya Hwy,207197,Hospitalisation,2011,November,Friday,16,Hit object,Single Vehicle,152.042129,-26.205104,Bunya Hwy,Murgon - Gayndah Rd,Manyung,Gympie Region,4605,Goomeri,Wide Bay Burnett,Central,Southern,North Coast and Wide Bay/Burnett,Kilkivan,Gympie - Cooloola,Wide Bay,Outer Regional,Nanango,Wide Bay,State-controlled,No Roadway Feature,No traffic control,100 - 110 km/h,Sealed - Dry,Clear,Daylight,Curved - view open,Level,800,Off Path-Curve: Other,Other,0,1,0,0,1,1,0,0,0,0,0,0,0.011968,0.000001
351,Polygon,29,351,2,Burnett Hwy,205859,Hospitalisation,2011,September,Saturday,16,Hit object,Single Vehicle,151.165359,-25.387238,Burnett Hwy,Mt Debatable Rd,Eidsvold East,North Burnett Region,4627,Eidsvold,Wide Bay Burnett,Central,Southern,North Coast and Wide Bay/Burnett,Monto - Eidsvold,Burnett,Wide Bay,Outer Regional,Callide,Flynn,State-controlled,No Roadway Feature,No traffic control,0 - 50 km/h,Sealed - Dry,Clear,Daylight,Curved - view open,Grade,803,Off Path-Curve: Off Cway Rt Bend Hit Obj,Off carriageway on curve hit object,0,1,0,0,1,1,0,0,0,0,0,0,0.023771,0.000002
352,Polygon,23,352,2,Capricorn Hwy,240106,Hospitalisation,2011,August,Friday,22,Overturned,Single Vehicle,146.812286,-23.648804,Capricorn Hwy,Duaringa - Baralaba Rd,Sedgeford,Barcaldine Region,4724,Alpha,South West,Southern,Central,Central Queensland,Barcaldine - Blackall,Outback - South,Queensland - Outback,Very Remote,Gregory,Maranoa,State-controlled,No Roadway Feature,No traffic control,100 - 110 km/h,Sealed - Wet,Fog,Darkness - Not lighted,Straight,Grade,701,Off Path-Straight: Left Off Cway,Off carriageway on straight,0,1,0,0,1,1,0,0,0,0,0,0,0.026004,0.000002
353,Polygon,86,353,2,Captain Cook Hwy,286800,Hospitalisation,2011,October,Tuesday,15,Angle,Multi-Vehicle,145.765068,-16.913492,Captain Cook Hwy,Grove St,Cairns North,Cairns Region,4870,Cairns,Far North,Northern,Northern,North Queensland,Cairns City,Cairns - South,Cairns,Outer Regional,Cairns,Leichhardt,State-controlled,Intersection - Cross,Operating traffic lights,60 km/h,Sealed - Dry,Clear,Daylight,Straight,Level,100,Veh'S Adjacent Approach: Other,Intersection from adjacent approaches,0,1,0,0,1,1,0,0,0,1,0,0,0.035497,0.000003
354,Polygon,22,354,2,Carnarvon Hwy,238076,Hospitalisation,2011,April,Wednesday,12,Hit object,Single Vehicle,148.549739,-25.900609,Carnarvon Hwy,Taylor St,Injune,Maranoa Region,4454,Injune,South West,Southern,Southern,Downs South West,Roma Region,Darling Downs (west) - Maranoa,Darling Downs - Maranoa,Remote,Warrego,Maranoa,State-controlled,No Roadway Feature,No traffic control,100 - 110 km/h,Sealed - Dry,Clear,Daylight,Curved - view open,Level,804,Off Path-Curve: Off Cway Lt Bend Hit Obj,Off carriageway on curve hit object,0,1,0,0,1,1,0,0,0,0,0,0,0.023908,0.000002
355,Polygon,1,355,2,Castlereagh Hwy,239145,Hospitalisation,2011,March,Monday,13,Overturned,Single Vehicle,148.174166,-28.714411,Castlereagh Hwy,<Null>,Dirranbandi,Balonne Shire,4486,Dirranbandi,South West,Southern,Southern,Downs South West,Balonne,Darling Downs (west) - Maranoa,Darling Downs - Maranoa,Very Remote,Warrego,Maranoa,Locally-controlled,No Roadway Feature,No traffic control,100 - 110 km/h,Unsealed - Dry,Clear,Daylight,Curved - view obscured,Level,802,Off Path-Curve: Off Cway Left Bend,Off carriageway on curve,0,1,0,0,1,1,0,0,0,0,0,0,0.00121,0
356,Polygon,30,356,2,Cunningham Hwy,186629,Hospitalisation,2011,January,Wednesday,16,Overturned,Single Vehicle,152.517843,-28.019886,Cunningham Hwy,Lake Moogerah Rd,Mount Edwards,Scenic Rim Region,4309,Boonah,Ipswich,Southern,SEQ South,South Coast,Boonah,Ipswich Hinterland,Ipswich,Inner Regional,Scenic Rim,Wright,State-controlled,Intersection - T-Junction,No traffic control,100 - 110 km/h,Sealed - Wet,Raining,Daylight,Curved - view obscured,Grade,801,Off Path-Curve: Off Cway Right Bend,Off carriageway on curve,0,2,0,0,2,0,0,1,0,0,0,0,0.027753,0.000003
357,Polygon,33,357,2,D'Aguilar Hwy,76514,Hospitalisation,2011,August,Thursday,11,Rear-end,Multi-Vehicle,152.842426,-27.015839,D'Aguilar Hwy,Mary Smokes Creek Rd,Bracalba,Moreton Bay Region,4512,Caboolture,Moreton,Southern,SEQ North,North Coast and Wide Bay/Burnett,Woodford - Daguilar,Caboolture Hinterland,Moreton Bay - North,Inner Regional,Glass House,Longman,State-controlled,No Roadway Feature,No traffic control,80 - 90 km/h,Sealed - Dry,Clear,Daylight,Curved - view open,Grade,301,Veh'S Same Direction: Rear End,Rear-end,0,2,0,0,2,2,0,0,0,0,0,0,0.027576,0.000003
358,Polygon,17,358,2,Dawson Hwy,240339,Hospitalisation,2011,October,Sunday,20,Hit object,Single Vehicle,150.086706,-24.503228,Dawson Hwy,Valley View Dr,Banana,Banana Shire,4702,Moura,Capricornia,Central,Central,Central Queensland,Banana,Biloela,Central Queensland,Outer Regional,Callide,Flynn,State-controlled,No Roadway Feature,No traffic control,100 - 110 km/h,Sealed - Dry,Clear,Darkness - Not lighted,Straight,Level,703,Off Path-Straight: Left Off Cway Hit Obj,Off carriageway on straight hit object,0,1,0,0,1,1,0,0,0,0,0,0,0.016588,0.000002
359,Polygon,2,359,2,Donohue Hwy,255985,Hospitalisation,2011,July,Tuesday,15,Overturned,Single Vehicle,138.654417,-22.622887,Donohue Hwy,<Null>,Toko,Boulia Shire,4829,Boulia,Mount Isa,Northern,Central,Central Queensland,Far Central West,Outback - South,Queensland - Outback,Very Remote,Gregory,Kennedy,Locally-controlled,No Roadway Feature,No traffic control,100 - 110 km/h,Unsealed - Dry,Clear,Daylight,Straight,Level,705,Off Path-Straight:Out Of Control On Cway,Out of control on straight,0,1,1,0,2,1,0,0,0,0,0,0,0.002354,0
360,Polygon,20,360,2,Flinders Hwy,270050,Hospitalisation,2011,February,Monday,8,Hit object,Single Vehicle,146.486527,-19.972553,Flinders Hwy,<Null>,Dotswood,Charters Towers Region,4820,Charters Towers,Townsville,Northern,Northern,North Queensland,Dalrymple,Charters Towers - Ayr - Ingham,Townsville,Remote,Traeger,Kennedy,State-controlled,No Roadway Feature,No traffic control,100 - 110 km/h,Sealed - Dry,Clear,Daylight,Curved - view open,Level,803,Off Path-Curve: Off Cway Rt Bend Hit Obj,Off carriageway on curve hit object,0,1,0,0,1,1,0,0,0,0,0,0,0.018743,0.000002
361,Polygon,13,361,2,Gore Hwy,227842,Hospitalisation,2011,July,Friday,14,Rear-end,Multi-Vehicle,151.92004,-27.580568,Gore Hwy,<Null>,Harristown,Toowoomba Region,4350,Toowoomba,Darling Downs,Southern,Southern,Downs South West,Drayton - Harristown,Toowoomba,Toowoomba,Inner Regional,Toowoomba South,Groom,State-controlled,No Roadway Feature,No traffic control,60 km/h,Sealed - Dry,Clear,Daylight,Straight,Grade,301,Veh'S Same Direction: Rear End,Rear-end,0,1,0,0,1,2,0,0,0,0,0,0,0.014454,0.000001
362,Polygon,8,362,2,Gregory Hwy,242554,Hospitalisation,2011,January,Thursday,16,Hit parked vehicle,Single Vehicle,148.157796,-23.52338,Gregory Hwy,Wills Rd,Emerald,Central Highlands Region,4720,Emerald,Capricornia,Central,Central,Central Queensland,Emerald,Central Highlands (qld),Central Queensland,Outer Regional,Gregory,Flynn,State-controlled,No Roadway Feature,No traffic control,60 km/h,Sealed - Dry,Clear,Daylight,Curved - view open,Level,703,Off Path-Straight: Left Off Cway Hit Obj,Off carriageway on straight hit object,0,1,0,0,1,2,0,0,0,0,0,0,0.008273,0.000001
363,Polygon,9,363,2,Isis Hwy,200028,Hospitalisation,2011,February,Sunday,11,Fall from vehicle,Single Vehicle,152.047168,-25.398988,Isis Hwy,Pine Creek Rd,Dallarnil,North Burnett Region,4621,Biggenden,Wide Bay Burnett,Central,Southern,North Coast and Wide Bay/Burnett,Gayndah - Mundubbera,Burnett,Wide Bay,Outer Regional,Callide,Flynn,State-controlled,No Roadway Feature,No traffic control,60 km/h,Sealed - Dry,Clear,Daylight,Curved - view open,Level,901,Pass & Misc: Fell In/From Vehicle,Other,0,1,0,0,1,0,1,0,0,0,0,0,0.008331,0.000001
364,Polygon,52,364,2,Kennedy Hwy,284657,Hospitalisation,2011,March,Thursday,16,Angle,Multi-Vehicle,145.478839,-17.223096,Kennedy Hwy,Main St,Tolga,Tablelands Region,4882,Atherton,Far North,Northern,Northern,North Queensland,Atherton,Tablelands (east) - Kuranda,Cairns,Outer Regional,Hill,Kennedy,State-controlled,Intersection - Cross,Give way sign,60 km/h,Sealed - Dry,Clear,Daylight,Straight,Level,101,Veh'S Adjacent Approach: Thru-Thru,Intersection from adjacent approaches,0,1,0,0,1,2,0,0,0,0,0,0,0.036799,0.000003
365,Polygon,11,365,2,Landsborough Hwy,239991,Hospitalisation,2011,March,Sunday,21,Fall from vehicle,Single Vehicle,146.596395,-25.756518,Landsborough Hwy,<Null>,Augathella,Murweh Shire,4477,Augathella,South West,Southern,Southern,Downs South West,Charleville,Outback - South,Queensland - Outback,Very Remote,Warrego,Maranoa,Locally-controlled,No Roadway Feature,No traffic control,100 - 110 km/h,Sealed - Dry,Clear,Darkness - Not lighted,Straight,Level,901,Pass & Misc: Fell In/From Vehicle,Other,0,1,0,0,1,1,0,0,0,0,0,0,0.013046,0.000001
366,Polygon,6,366,2,Leichhardt Hwy,232155,Hospitalisation,2011,August,Thursday,8,Hit object,Single Vehicle,150.34798,-27.900351,Leichhardt Hwy,<Null>,Moonie,Goondiwindi Region,4406,Goondiwindi,Darling Downs,Southern,Southern,Downs South West,Tara,Darling Downs (west) - Maranoa,Darling Downs - Maranoa,Outer Regional,Southern Downs,Maranoa,State-controlled,No Roadway Feature,No traffic control,100 - 110 km/h,Sealed - Dry,Clear,Daylight,Straight,Level,703,Off Path-Straight: Left Off Cway Hit Obj,Off carriageway on straight hit object,0,1,0,0,1,1,0,0,0,0,0,0,0.005982,0.000001
367,Polygon,4,367,2,Mitchell Hwy,239628,Hospitalisation,2011,April,Thursday,9,Hit animal,Other,146.002728,-27.15437,Mitchell Hwy,<Null>,Wyandra,Paroo Shire,4489,Wyandra,South West,Southern,Southern,Downs South West,Far South West,Outback - South,Queensland - Outback,Very Remote,Warrego,Maranoa,State-controlled,No Roadway Feature,No traffic control,100 - 110 km/h,Sealed - Dry,Clear,Daylight,Straight,Level,609,Pass & Misc: Hit Animal,Hit animal,0,1,0,0,1,0,1,0,0,0,0,1,0.004791,0
368,Polygon,19,368,2,Mt Lindesay Hwy,68018,Fatal,2011,August,Sunday,12,Fall from vehicle,Single Vehicle,152.968865,-28.025648,Mt Lindesay Hwy,Mt Lindesay Hwy Service Rd,Beaudesert,Scenic Rim Region,4285,Beaudesert,Logan,South Eastern,SEQ South,South Coast,Beaudesert,Beaudesert,Logan - Beaudesert,Inner Regional,Scenic Rim,Wright,State-controlled,No Roadway Feature,No traffic control,100 - 110 km/h,Sealed - Dry,Clear,Daylight,Curved - view open,Level,805,Off Path-Curve: Out Of Control On Cway,Out of control on curve,1,0,0,0,1,0,1,0,0,0,0,0,0.015664,0.000001
369,Polygon,3,369,2,Mulligan Hwy,292669,Hospitalisation,2011,September,Wednesday,17,Overturned,Single Vehicle,145.228555,-15.507713,Mulligan Hwy,<Null>,Cooktown,Cook Shire,4895,Cooktown,Far North,Northern,Northern,North Queensland,Cape York,Far North,Queensland - Outback,Remote,Cook,Leichhardt,State-controlled,No Roadway Feature,No traffic control,100 - 110 km/h,Sealed - Dry,Clear,Daylight,Curved - view open,Level,400,Veh'S Manoeuvring: Other,Other,0,1,1,0,2,1,0,0,0,0,0,0,0.003461,0
370,Polygon,54,370,2,New England Hwy,191257,Hospitalisation,2011,March,Tuesday,6,Hit object,Single Vehicle,151.942605,-27.625518,New England Hwy,Upper Flagstone Ck Rd,Top Camp,Toowoomba Region,4350,Drayton,Darling Downs,Southern,Southern,Downs South West,Cambooya - Wyreema,Toowoomba,Toowoomba,Inner Regional,Condamine,Groom,State-controlled,Intersection - T-Junction,No traffic control,80 - 90 km/h,Sealed - Wet,Raining,Daylight,Curved - view open,Grade,803,Off Path-Curve: Off Cway Rt Bend Hit Obj,Off carriageway on curve hit object,0,1,0,0,1,1,0,0,0,0,0,0,0.033192,0.000003
371,Polygon,2,371,2,New England Hwy Service Rd,227329,Hospitalisation,2011,July,Tuesday,17,Rear-end,Multi-Vehicle,151.950779,-27.576612,New England Hwy,<Null>,South Toowoomba,Toowoomba Region,4350,Toowoomba,Darling Downs,Southern,Southern,Downs South West,Toowoomba - Central,Toowoomba,Toowoomba,Inner Regional,Toowoomba South,Groom,State-controlled,No Roadway Feature,No traffic control,60 km/h,Sealed - Wet,Clear,Dawn/Dusk,Straight,Level,301,Veh'S Same Direction: Rear End,Rear-end,0,1,0,0,1,3,0,0,0,0,0,0,0.001203,0
372,Polygon,5,372,2,Old Bruce Hwy,294223,Hospitalisation,2011,May,Wednesday,15,Hit pedestrian,Hit pedestrian,145.746384,-17.023706,Old Bruce Hwy,Tully - Hull Rd,Edmonton,Cairns Region,4869,Edmonton,Far North,Northern,Northern,North Queensland,Edmonton,Cairns - South,Cairns,Outer Regional,Mulgrave,Kennedy,Locally-controlled,No Roadway Feature,No traffic control,60 km/h,Sealed - Dry,Clear,Daylight,Straight,Level,9,Ped'N: Hit While Boarding/Alighting,Pedestrian,0,1,0,0,1,1,0,0,0,0,1,0,0.003476,0
373,Polygon,2,373,2,Palmerston Hwy,302871,Hospitalisation,2011,April,Saturday,9,Hit object,Single Vehicle,145.945955,-17.564533,Palmerston Hwy,<Null>,Pin Gin Hill,Cassowary Coast Region,4860,South Johnstone,Far North,Northern,Northern,North Queensland,Johnstone,Innisfail - Cassowary Coast,Cairns,Outer Regional,Hill,Kennedy,State-controlled,No Roadway Feature,No traffic control,100 - 110 km/h,Sealed - Dry,Clear,Daylight,Curved - view open,Level,803,Off Path-Curve: Off Cway Rt Bend Hit Obj,Off carriageway on curve hit object,0,1,0,0,1,1,0,0,0,0,0,0,0.002317,0
374,Polygon,18,374,2,Peak Downs Hwy,258351,Hospitalisation,2011,September,Sunday,15,Sideswipe,Multi-Vehicle,149.026907,-21.190142,Peak Downs Hwy,Rocky Waterhole - Wollingford Rd,Greenmount,Mackay Region,4751,Walkerston,Mackay,Central,Central,Central Queensland,Walkerston - Eton,Mackay,Mackay - Isaac - Whitsunday,Outer Regional,Mirani,Capricornia,State-controlled,No Roadway Feature,No traffic control,100 - 110 km/h,Sealed - Dry,Clear,Daylight,Straight,Level,201,Veh'S Opposite Approach: Head On,Head-on,0,4,0,0,4,3,0,0,0,0,0,0,0.015249,0.000001
375,Polygon,1,375,2,Scenic Hwy,254951,Hospitalisation,2011,March,Friday,12,Rear-end,Multi-Vehicle,150.754448,-23.139996,Scenic Hwy,<Null>,Taranganba,Livingstone Shire,4703,Yeppoon,Capricornia,Central,Central,Central Queensland,Yeppoon,Rockhampton,Central Queensland,Inner Regional,Keppel,Capricornia,Locally-controlled,No Roadway Feature,No traffic control,60 km/h,Sealed - Wet,Clear,Daylight,Curved - view open,Level,301,Veh'S Same Direction: Rear End,Rear-end,0,1,0,0,1,3,0,0,0,0,0,0,0.00118,0
376,Polygon,74,376,2,Warrego Hwy,151309,Hospitalisation,2011,March,Sunday,18,Hit object,Single Vehicle,152.523623,-27.550102,Warrego Hwy,West St,Minden,Somerset Region,4311,Marburg,Ipswich,Southern,SEQ North,North Coast and Wide Bay/Burnett,Lowood,Ipswich Hinterland,Ipswich,Inner Regional,Lockyer,Blair,State-controlled,No Roadway Feature,No traffic control,100 - 110 km/h,Sealed - Dry,Clear,Darkness - Not lighted,Curved - view obscured,Crest,803,Off Path-Curve: Off Cway Rt Bend Hit Obj,Off carriageway on curve hit object,0,1,0,0,1,1,0,0,0,0,0,0,0.059293,0.000006
377,Polygon,2,377,2,Wide Bay Hwy,207199,Hospitalisation,2011,December,Wednesday,8,Overturned,Single Vehicle,152.230023,-26.094558,Wide Bay Hwy,<Null>,Kilkivan,Gympie Region,4600,Kilkivan,Wide Bay Burnett,Central,Southern,North Coast and Wide Bay/Burnett,Kilkivan,Gympie - Cooloola,Wide Bay,Outer Regional,Nanango,Wide Bay,State-controlled,No Roadway Feature,No traffic control,100 - 110 km/h,Sealed - Dry,Clear,Daylight,Straight,Dip,701,Off Path-Straight: Left Off Cway,Off carriageway on straight,0,1,0,0,1,1,0,0,0,0,0,0,0.002389,0
378,Polygon,1,378,2,Balonne Hwy,239637,Hospitalisation,2012,March,Sunday,15,Fall from vehicle,Single Vehicle,146.792554,-27.995312,Balonne Hwy,<Null>,Nebine,Paroo Shire,4488,Cunnamulla,South West,Southern,Southern,Downs South West,Far South West,Outback - South,Queensland - Outback,Very Remote,Warrego,Maranoa,State-controlled,No Roadway Feature,No traffic control,100 - 110 km/h,Sealed - Dry,Clear,Daylight,Straight,Level,705,Off Path-Straight:Out Of Control On Cway,Out of control on straight,0,1,0,0,1,0,1,0,0,0,0,0,0.001205,0
379,Polygon,1,379,2,Banfield Hwy,277266,Hospitalisation,2012,October,Sunday,13,Fall from vehicle,Single Vehicle,146.584699,-18.758208,Banfield Hwy,<Null>,Palm Island,Palm Island Aboriginal Shire,4816,Palm Island,Townsville,Northern,Northern,North Queensland,Palm Island,Charters Towers - Ayr - Ingham,Townsville,Remote,Townsville,Herbert,Locally-controlled,No Roadway Feature,No traffic control,0 - 50 km/h,Sealed - Dry,Clear,Daylight,Curved - view open,Dip,901,Pass & Misc: Fell In/From Vehicle,Other,0,1,0,0,1,1,0,0,0,0,0,0,0.001162,0
380,Polygon,14,380,2,Barkly Hwy,304328,Hospitalisation,2012,January,Saturday,3,Overturned,Single Vehicle,138.452604,-19.961994,Barkly Hwy,Mullan St,Camooweal,Mount Isa City,4828,Camooweal,Mount Isa,Northern,Northern,North Queensland,Mount Isa Region,Outback - North,Queensland - Outback,Very Remote,Traeger,Kennedy,State-controlled,No Roadway Feature,No traffic control,100 - 110 km/h,Sealed - Dry,Clear,Darkness - Not lighted,Straight,Level,705,Off Path-Straight:Out Of Control On Cway,Out of control on straight,0,1,3,0,4,1,0,0,0,0,0,0,0.011684,0.000001
381,Polygon,2,381,2,Barwon Hwy,232160,Hospitalisation,2012,February,Saturday,17,Hit object,Single Vehicle,150.129164,-28.500726,Barwon Hwy,<Null>,Goodar,Goondiwindi Region,4390,Goondiwindi,Darling Downs,Southern,Southern,Downs South West,Inglewood - Waggamba,Darling Downs (west) - Maranoa,Darling Downs - Maranoa,Outer Regional,Southern Downs,Maranoa,State-controlled,No Roadway Feature,No traffic control,100 - 110 km/h,Sealed - Dry,Clear,Daylight,Straight,Level,607,Veh'S On Path: Temporary Object On C'Way,Other,0,2,0,0,2,0,1,0,0,0,0,0,0.002417,0
382,Polygon,20,382,2,Brisbane Valley Hwy,151346,Hospitalisation,2012,March,Monday,7,Angle,Multi-Vehicle,152.637424,-27.435662,Brisbane Valley Hwy,Wivenhoe Pkt Rd,Fernvale,Somerset Region,4306,Lowood,Ipswich,Southern,SEQ North,North Coast and Wide Bay/Burnett,Lowood,Ipswich Hinterland,Ipswich,Inner Regional,Lockyer,Blair,State-controlled,Intersection - T-Junction,Give way sign,100 - 110 km/h,Sealed - Dry,Clear,Daylight,Curved - view open,Level,104,Veh'S Adjacent Approach: Thru-Right,Intersection from adjacent approaches,0,1,0,0,1,2,0,0,0,0,0,0,0.014429,0.000001
383,Polygon,476,383,2,Bruce Hwy,144516,Hospitalisation,2012,June,Sunday,7,Hit object,Single Vehicle,152.961758,-26.551067,Bruce Hwy,Bruce Hwy Off Ramp,Yandina,Sunshine Coast Region,4561,Nambour,Sunshine Coast,Central,SEQ North,North Coast and Wide Bay/Burnett,Eumundi - Yandina,Nambour,Sunshine Coast,Inner Regional,Ninderry,Fairfax,State-controlled,No Roadway Feature,No traffic control,100 - 110 km/h,Sealed - Wet,Fog,Daylight,Curved - view open,Level,800,Off Path-Curve: Other,Other,0,1,0,1,2,1,0,0,0,0,0,0,0.372666,0.000035
384,Polygon,18,384,2,Bruce Hwy Off Ramp,149032,Hospitalisation,2012,April,Friday,10,Fall from vehicle,Single Vehicle,152.94651,-26.48799,Bruce Hwy Off Ramp,Gympie - Brooloo Rd,Eumundi,Sunshine Coast Region,4562,Eumundi,Sunshine Coast,Central,SEQ North,North Coast and Wide Bay/Burnett,Eumundi - Yandina,Nambour,Sunshine Coast,Inner Regional,Nicklin,Fairfax,State-controlled,No Roadway Feature,No traffic control,60 km/h,Sealed - Dry,Clear,Daylight,Curved - view open,Grade,805,Off Path-Curve: Out Of Control On Cway,Out of control on curve,0,1,0,0,1,0,1,0,0,0,0,0,0.00472,0
385,Polygon,6,385,2,Bruce Hwy On Ramp,273915,Hospitalisation,2012,September,Friday,15,Rear-end,Multi-Vehicle,146.727665,-19.329741,Bruce Hwy On Ramp,Garbutt - Upper Ross Rd,Condon,Townsville City,4815,Kirwan,Townsville,Northern,Northern,North Queensland,Condon - Rasmussen,Townsville,Townsville,Outer Regional,Thuringowa,Herbert,State-controlled,Intersection - Interchange,Operating traffic lights,70 km/h,Sealed - Dry,Clear,Daylight,Straight,Level,303,Veh'S Same Direction: Right Rear,Rear-end,0,1,0,0,1,3,0,0,0,0,0,0,0.002328,0
386,Polygon,23,386,2,Bunya Hwy,207213,Hospitalisation,2012,November,Thursday,8,Overturned,Single Vehicle,152.051326,-26.202152,Bunya Hwy,Haly St,Goomeri,Gympie Region,4601,Goomeri,Wide Bay Burnett,Central,Southern,North Coast and Wide Bay/Burnett,Kilkivan,Gympie - Cooloola,Wide Bay,Outer Regional,Nanango,Wide Bay,State-controlled,No Roadway Feature,No traffic control,100 - 110 km/h,Sealed - Dry,Clear,Daylight,Straight,Grade,701,Off Path-Straight: Left Off Cway,Off carriageway on straight,0,1,0,0,1,1,0,0,0,0,0,0,0.017957,0.000002
387,Polygon,32,387,2,Burnett Hwy,205863,Hospitalisation,2012,January,Sunday,13,Hit object,Single Vehicle,151.178666,-25.4298,Burnett Hwy,Planted Ck Rd,Grosvenor,North Burnett Region,4627,Eidsvold,Wide Bay Burnett,Central,Southern,North Coast and Wide Bay/Burnett,Monto - Eidsvold,Burnett,Wide Bay,Outer Regional,Callide,Flynn,State-controlled,No Roadway Feature,No traffic control,100 - 110 km/h,Sealed - Dry,Clear,Daylight,Curved - view open,Level,804,Off Path-Curve: Off Cway Lt Bend Hit Obj,Off carriageway on curve hit object,0,1,0,0,1,1,0,0,0,0,0,0,0.034586,0.000003
388,Polygon,37,388,2,Capricorn Hwy,240110,Hospitalisation,2012,July,Thursday,9,Overturned,Single Vehicle,146.721051,-23.649257,Capricorn Hwy,Rockview Rd,Sedgeford,Barcaldine Region,4724,Alpha,South West,Southern,Central,Central Queensland,Barcaldine - Blackall,Outback - South,Queensland - Outback,Very Remote,Gregory,Maranoa,State-controlled,No Roadway Feature,No traffic control,100 - 110 km/h,Sealed - Dry,Clear,Daylight,Straight,Level,701,Off Path-Straight: Left Off Cway,Off carriageway on straight,0,1,0,0,1,1,0,0,0,0,0,0,0.038945,0.000004
389,Polygon,84,389,2,Captain Cook Hwy,286777,Hospitalisation,2012,September,Monday,14,Angle,Multi-Vehicle,145.758503,-16.904535,Captain Cook Hwy,Lily St,Cairns North,Cairns Region,4870,Cairns,Far North,Northern,Northern,North Queensland,Cairns City,Cairns - South,Cairns,Outer Regional,Cairns,Leichhardt,State-controlled,Intersection - Cross,No traffic control,60 km/h,Sealed - Dry,Clear,Daylight,Straight,Level,101,Veh'S Adjacent Approach: Thru-Thru,Intersection from adjacent approaches,0,3,0,0,3,3,0,0,0,0,0,0,0.036064,0.000003
390,Polygon,10,390,2,Carnarvon Hwy,238077,Hospitalisation,2012,August,Saturday,7,Rear-end,Multi-Vehicle,148.601836,-25.804703,Carnarvon Hwy,<Null>,Injune,Maranoa Region,4454,Injune,South West,Southern,Southern,Downs South West,Roma Region,Darling Downs (west) - Maranoa,Darling Downs - Maranoa,Remote,Warrego,Maranoa,State-controlled,No Roadway Feature,Operating traffic lights,0 - 50 km/h,Sealed - Dry,Fog,Daylight,Straight,Level,301,Veh'S Same Direction: Rear End,Rear-end,0,1,0,0,1,1,0,1,0,0,0,0,0.010759,0.000001