OBJECTID,Shape,Join_Count,TARGET_FID,Crash_Year,Crash_Street,Crash_Ref_Number,Crash_Severity,Crash_Year,Crash_Month,Crash_Day_Of_Week,Crash_Hour,Crash_Nature,Crash_Type,Crash_Longitude_GDA94,Crash_Latitude_GDA94,Crash_Street,Crash_Street_Intersecting,Loc_Suburb,Loc_Local_Government_Area,Loc_Post_Code,Loc_Police_Division,Loc_Police_District,Loc_Police_Region,Loc_Queensland_Transport_Region,Loc_Main_Roads_Region,Loc_ABS_Statistical_Area_2,Loc_ABS_Statistical_Area_3,Loc_ABS_Statistical_Area_4,Loc_ABS_Remoteness,Loc_State_Electorate,Loc_Federal_Electorate,Crash_Controlling_Authority,Crash_Roadway_Feature,Crash_Traffic_Control,Crash_Speed_Limit,Crash_Road_Surface_Condition,Crash_Atmospheric_Condition,Crash_Lighting_Condition,Crash_Road_Horiz_Align,Crash_Road_Vert_Align,Crash_DCA_Code,Crash_DCA_Description,Crash_DCA_Group_Description,Count_Casualty_Fatality,Count_Casualty_Hospitalised,Count_Casualty_MedicallyTreated,Count_Casualty_MinorInjury,Count_Casualty_Total,Count_Unit_Car,Count_Unit_Motorcycle_Moped,Count_Unit_Truck,Count_Unit_Bus,Count_Unit_Bicycle,Count_Unit_Pedestrian,Count_Unit_Other,Shape_Length,Shape_Area
391,Polygon,32,391,2,Cunningham Hwy,131945,Hospitalisation,2012,December,Monday,20,Hit pedestrian,Hit pedestrian,0,0,Cunningham Hwy,Kelly Rd,Unknown,Unknown,Unknown,Unknown,Unknown,Unknown,Unknown,Unknown,Unknown,Unknown,Unknown,Unknown,Unknown,Unknown,Locally-controlled,No Roadway Feature,No traffic control,100 - 110 km/h,Sealed - Dry,Clear,Darkness - Lighted,Straight,Level,906,Pass & Misc: Parked Car Ran Away,Other,0,2,0,0,2,1,0,0,0,0,2,0,0.021633,0.000002
392,Polygon,33,392,2,D'Aguilar Hwy,149629,Hospitalisation,2012,April,Friday,10,Angle,Multi-Vehicle,152.544904,-26.94507,D'Aguilar Hwy,Esk - Kilcoy Rd,Woolmar,Somerset Region,4515,Kilcoy,Moreton,Southern,SEQ North,North Coast and Wide Bay/Burnett,Kilcoy,Caboolture Hinterland,Moreton Bay - North,Inner Regional,Nanango,Blair,State-controlled,Intersection - Cross,Stop sign,100 - 110 km/h,Sealed - Dry,Clear,Daylight,Straight,Level,104,Veh'S Adjacent Approach: Thru-Right,Intersection from adjacent approaches,0,1,0,0,1,2,0,0,0,0,0,0,0.020374,0.000002
393,Polygon,33,393,2,Dawson Hwy,240341,Hospitalisation,2012,April,Sunday,8,Hit object,Single Vehicle,149.301274,-24.570969,Dawson Hwy,Drynan Dr,Bauhinia,Central Highlands Region,4718,Moura,Capricornia,Central,Central,Central Queensland,Central Highlands - East,Central Highlands (qld),Central Queensland,Remote,Gregory,Flynn,State-controlled,No Roadway Feature,No traffic control,100 - 110 km/h,Sealed - Dry,Clear,Daylight,Straight,Level,704,Off Path-Straight:Right Off Cway Hit Obj,Off carriageway on straight hit object,0,2,0,0,2,1,0,0,0,0,0,0,0.029604,0.000003
394,Polygon,1,394,2,Donohue Hwy,255990,Hospitalisation,2012,March,Wednesday,22,Overturned,Single Vehicle,139.254906,-23.011569,Donohue Hwy,<Null>,Amaroo,Boulia Shire,4829,Boulia,Mount Isa,Northern,Central,Central Queensland,Far Central West,Outback - South,Queensland - Outback,Very Remote,Gregory,Kennedy,Locally-controlled,No Roadway Feature,No traffic control,100 - 110 km/h,Sealed - Dry,Clear,Darkness - Not lighted,Curved - view open,Level,805,Off Path-Curve: Out Of Control On Cway,Out of control on curve,0,1,0,0,1,1,0,0,0,0,0,0,0.001179,0
395,Polygon,25,395,2,Flinders Hwy,270080,Hospitalisation,2012,May,Saturday,0,Hit object,Single Vehicle,146.424395,-20.000364,Flinders Hwy,<Null>,Breddan,Charters Towers Region,4820,Charters Towers,Townsville,Northern,Northern,North Queensland,Dalrymple,Charters Towers - Ayr - Ingham,Townsville,Outer Regional,Traeger,Kennedy,State-controlled,No Roadway Feature,No traffic control,100 - 110 km/h,Sealed - Dry,Clear,Darkness - Not lighted,Straight,Grade,700,Off Path-Straight: Other,Other,0,1,0,0,1,1,0,0,0,0,0,0,0.02802,0.000003
396,Polygon,21,396,2,Gore Hwy,223624,Hospitalisation,2012,August,Monday,10,Rear-end,Multi-Vehicle,151.92967,-27.565726,Gore Hwy,Warrego Hwy,Newtown,Toowoomba Region,4350,Toowoomba,Darling Downs,Southern,Southern,Downs South West,Newtown (qld),Toowoomba,Toowoomba,Inner Regional,Toowoomba North,Groom,State-controlled,Intersection - Cross,Operating traffic lights,60 km/h,Sealed - Dry,Clear,Daylight,Straight,Level,301,Veh'S Same Direction: Rear End,Rear-end,0,1,0,0,1,2,0,0,0,0,0,0,0.016858,0.000002
397,Polygon,9,397,2,Gregory Hwy,241540,Hospitalisation,2012,July,Sunday,15,Hit object,Single Vehicle,147.834797,-22.974434,Gregory Hwy,Yamala St,Hibernia,Central Highlands Region,4723,Capella,Capricornia,Central,Central,Central Queensland,Central Highlands - West,Central Highlands (qld),Central Queensland,Remote,Gregory,Flynn,State-controlled,No Roadway Feature,No traffic control,100 - 110 km/h,Sealed - Dry,Clear,Daylight,Straight,Level,705,Off Path-Straight:Out Of Control On Cway,Out of control on straight,0,1,0,0,1,1,0,0,0,0,0,0,0.007085,0.000001
398,Polygon,23,398,2,Isis Hwy,201147,Hospitalisation,2012,November,Monday,17,Rear-end,Multi-Vehicle,152.316893,-24.892279,Isis Hwy,Kendalls Rd,Branyan,Bundaberg Region,4670,Bundaberg,Wide Bay Burnett,Central,Southern,North Coast and Wide Bay/Burnett,Branyan - Kensington,Bundaberg,Wide Bay,Inner Regional,Bundaberg,Hinkler,State-controlled,No Roadway Feature,No traffic control,100 - 110 km/h,Sealed - Dry,Clear,Daylight,Straight,Grade,505,Veh'S Overtaking: Pulling Out Rear End,Overtaking same direction,0,1,0,0,1,2,0,0,0,0,0,0,0.015454,0.000001
399,Polygon,43,399,2,Kennedy Hwy,285346,Hospitalisation,2012,March,Saturday,16,Hit pedestrian,Hit pedestrian,145.483901,-17.269767,Kennedy Hwy,Mazlin St,Atherton,Tablelands Region,4883,Atherton,Far North,Northern,Northern,North Queensland,Atherton,Tablelands (east) - Kuranda,Cairns,Outer Regional,Hill,Kennedy,State-controlled,Intersection - T-Junction,No traffic control,60 km/h,Sealed - Dry,Clear,Daylight,Straight,Level,1,Ped'N: Near Side Vehicle Hit From Right,Pedestrian,0,1,0,0,1,1,0,0,0,0,1,0,0.027754,0.000003
400,Polygon,15,400,2,Landsborough Hwy,240004,Hospitalisation,2012,February,Friday,0,Overturned,Single Vehicle,146.591427,-25.327296,Landsborough Hwy,Thomson Developmental Rd,Nive,Murweh Shire,4470,Augathella,South West,Southern,Southern,Downs South West,Charleville,Outback - South,Queensland - Outback,Very Remote,Warrego,Maranoa,State-controlled,No Roadway Feature,No traffic control,100 - 110 km/h,Sealed - Dry,Clear,Darkness - Not lighted,Straight,Level,705,Off Path-Straight:Out Of Control On Cway,Out of control on straight,0,1,0,0,1,0,0,1,0,0,0,0,0.017718,0.000002
401,Polygon,23,401,2,Leichhardt Hwy,232155,Hospitalisation,2012,August,Thursday,8,Hit object,Single Vehicle,150.34798,-27.900351,Leichhardt Hwy,Moonie Hwy,Moonie,Goondiwindi Region,4406,Goondiwindi,Darling Downs,Southern,Southern,Downs South West,Tara,Darling Downs (west) - Maranoa,Darling Downs - Maranoa,Outer Regional,Southern Downs,Maranoa,State-controlled,No Roadway Feature,No traffic control,100 - 110 km/h,Sealed - Dry,Clear,Daylight,Straight,Level,703,Off Path-Straight: Left Off Cway Hit Obj,Off carriageway on straight hit object,0,1,0,0,1,1,0,0,0,0,0,0,0.02388,0.000002
402,Polygon,2,402,2,Mitchell Hwy,239636,Hospitalisation,2012,February,Friday,14,Hit object,Single Vehicle,145.968972,-27.340808,Mitchell Hwy,<Null>,Wyandra,Paroo Shire,4471,Wyandra,South West,Southern,Southern,Downs South West,Far South West,Outback - South,Queensland - Outback,Very Remote,Warrego,Maranoa,State-controlled,No Roadway Feature,No traffic control,100 - 110 km/h,Sealed - Dry,Clear,Daylight,Straight,Level,704,Off Path-Straight:Right Off Cway Hit Obj,Off carriageway on straight hit object,0,1,0,0,1,1,0,0,0,0,0,0,0.002407,0
403,Polygon,10,403,2,Moonie Hwy,230054,Hospitalisation,2012,January,Tuesday,19,Overturned,Single Vehicle,150.861525,-27.329827,Moonie Hwy,Watt St,Halliford,Western Downs Region,4407,Dalby,South West,Southern,Southern,Downs South West,Wambo,Darling Downs - East,Darling Downs - Maranoa,Outer Regional,Warrego,Maranoa,State-controlled,No Roadway Feature,No traffic control,100 - 110 km/h,Sealed - Dry,Clear,Darkness - Not lighted,Straight,Level,502,Veh'S Overtaking: Out Of Control,Off carriageway on straight,0,2,0,0,2,1,0,0,0,0,0,0,0.009619,0.000001
404,Polygon,11,404,2,Mt Lindesay Hwy,167720,Hospitalisation,2012,June,Saturday,11,Collision - miscellaneous,Other,152.735319,-28.321968,Mt Lindesay Hwy,Mt Lindesay Hwy Service Rd,Mount Lindesay,Scenic Rim Region,4287,Rathdowney,Logan,South Eastern,SEQ South,South Coast,Beaudesert,Beaudesert,Logan - Beaudesert,Inner Regional,Scenic Rim,Wright,State-controlled,No Roadway Feature,No traffic control,100 - 110 km/h,Sealed - Dry,Clear,Daylight,Curved - view open,Grade,600,Veh'S On Path: Other,Other,0,1,0,0,1,0,1,0,0,0,0,0,0.006049,0.000001
405,Polygon,9,405,2,Mulligan Hwy,292675,Hospitalisation,2012,January,Monday,19,Hit animal,Other,145.235871,-15.592653,Mulligan Hwy,<Null>,Cooktown,Cook Shire,4895,Cooktown,Far North,Northern,Northern,North Queensland,Cape York,Far North,Queensland - Outback,Remote,Cook,Leichhardt,State-controlled,No Roadway Feature,No traffic control,100 - 110 km/h,Sealed - Wet,Raining,Darkness - Not lighted,Curved - view open,Level,609,Pass & Misc: Hit Animal,Hit animal,0,1,0,0,1,1,0,0,0,0,0,1,0.010392,0.000001
406,Polygon,45,406,2,New England Hwy,221577,Hospitalisation,2012,October,Saturday,8,Hit object,Single Vehicle,151.95655,-27.569292,Warrego Hwy,Warrego Hwy,East Toowoomba,Toowoomba Region,4350,Toowoomba,Darling Downs,Southern,Southern,Downs South West,Toowoomba - Central,Toowoomba,Toowoomba,Inner Regional,Toowoomba North,Groom,State-controlled,No Roadway Feature,No traffic control,60 km/h,Sealed - Dry,Clear,Daylight,Straight,Level,700,Off Path-Straight: Other,Other,0,1,0,0,1,1,0,0,0,0,0,0,0.040938,0.000004
407,Polygon,1,407,2,Old Scenic Hwy,254984,Hospitalisation,2012,February,Tuesday,6,Hit object,Single Vehicle,150.761985,-23.15249,Old Scenic Hwy,<Null>,Taranganba,Livingstone Shire,4703,Yeppoon,Capricornia,Central,Central,Central Queensland,Yeppoon,Rockhampton,Central Queensland,Inner Regional,Keppel,Capricornia,Locally-controlled,No Roadway Feature,No traffic control,60 km/h,Sealed - Dry,Clear,Daylight,Curved - view open,Level,804,Off Path-Curve: Off Cway Lt Bend Hit Obj,Off carriageway on curve hit object,0,1,0,0,1,1,0,0,0,0,0,0,0.00118,0
408,Polygon,8,408,2,Pacific Hwy,131945,Hospitalisation,2012,December,Monday,20,Hit pedestrian,Hit pedestrian,0,0,Cunningham Hwy,<Null>,Unknown,Unknown,Unknown,Unknown,Unknown,Unknown,Unknown,Unknown,Unknown,Unknown,Unknown,Unknown,Unknown,Unknown,Locally-controlled,No Roadway Feature,No traffic control,100 - 110 km/h,Sealed - Dry,Clear,Darkness - Lighted,Straight,Level,906,Pass & Misc: Parked Car Ran Away,Other,0,2,0,0,2,1,0,0,0,0,2,0,0.001131,0
409,Polygon,2,409,2,Palmerston Hwy,296401,Hospitalisation,2012,March,Wednesday,14,Angle,Multi-Vehicle,145.971635,-17.534837,Palmerston Hwy,Quarry Rd,Stoters Hill,Cassowary Coast Region,4860,Innisfail,Far North,Northern,Northern,North Queensland,Johnstone,Innisfail - Cassowary Coast,Cairns,Outer Regional,Hill,Kennedy,State-controlled,Intersection - T-Junction,Stop sign,80 - 90 km/h,Sealed - Dry,Clear,Daylight,Straight,Level,104,Veh'S Adjacent Approach: Thru-Right,Intersection from adjacent approaches,0,1,0,0,1,1,0,1,0,0,0,0,0.002316,0
410,Polygon,17,410,2,Peak Downs Hwy,258433,Fatal,2012,January,Saturday,12,Rear-end,Multi-Vehicle,149.024484,-21.192082,Peak Downs Hwy,Rocky Waterhole - Wollingford Rd,Victoria Plains,Mackay Region,4751,Walkerston,Mackay,Central,Central,Central Queensland,Walkerston - Eton,Mackay,Mackay - Isaac - Whitsunday,Outer Regional,Mirani,Capricornia,State-controlled,Intersection - Cross,No traffic control,100 - 110 km/h,Sealed - Dry,Clear,Daylight,Straight,Level,303,Veh'S Same Direction: Right Rear,Rear-end,1,0,0,0,1,1,1,0,0,0,0,0,0.015241,0.000001
411,Polygon,4,411,2,Scenic Hwy,254981,Hospitalisation,2012,January,Saturday,19,Rear-end,Multi-Vehicle,150.769751,-23.160245,Scenic Hwy,<Null>,Lammermoor,Livingstone Shire,4703,Yeppoon,Capricornia,Central,Central,Central Queensland,Yeppoon,Rockhampton,Central Queensland,Inner Regional,Keppel,Capricornia,Locally-controlled,No Roadway Feature,No traffic control,60 km/h,Sealed - Dry,Clear,Dawn/Dusk,Straight,Level,303,Veh'S Same Direction: Right Rear,Rear-end,0,7,0,0,7,3,0,0,0,0,0,0,0.00354,0
412,Polygon,2,412,2,Sunshine Mwy,144509,Fatal,2012,May,Saturday,22,Hit object,Single Vehicle,153.073279,-26.535678,Sunshine Mwy,Yandina - Coolum Rd,Coolum Beach,Sunshine Coast Region,4573,Coolum,Sunshine Coast,Central,SEQ North,North Coast and Wide Bay/Burnett,Eumundi - Yandina,Nambour,Sunshine Coast,Inner Regional,Ninderry,Fairfax,State-controlled,Intersection - Roundabout,Give way sign,60 km/h,Sealed - Dry,Clear,Darkness - Lighted,Curved - view open,Level,805,Off Path-Curve: Out Of Control On Cway,Out of control on curve,2,2,0,0,4,1,0,0,0,0,0,0,0.002394,0
413,Polygon,84,413,2,Warrego Hwy,151338,Hospitalisation,2012,January,Friday,22,Overturned,Single Vehicle,152.549116,-27.558342,Warrego Hwy,Weier Rd,Minden,Somerset Region,4311,Marburg,Ipswich,Southern,SEQ North,North Coast and Wide Bay/Burnett,Lowood,Ipswich Hinterland,Ipswich,Inner Regional,Lockyer,Blair,State-controlled,No Roadway Feature,No traffic control,100 - 110 km/h,Sealed - Dry,Clear,Darkness - Not lighted,Curved - view open,Grade,805,Off Path-Curve: Out Of Control On Cway,Out of control on curve,0,1,0,0,1,1,0,0,0,0,0,0,0.073469,0.000007
414,Polygon,6,414,2,Wide Bay Hwy,207200,Hospitalisation,2012,January,Monday,16,Hit object,Single Vehicle,152.210812,-26.13999,Wide Bay Hwy,<Null>,Cinnabar,Gympie Region,4600,Kilkivan,Wide Bay Burnett,Central,Southern,North Coast and Wide Bay/Burnett,Kilkivan,Gympie - Cooloola,Wide Bay,Outer Regional,Nanango,Wide Bay,State-controlled,No Roadway Feature,No traffic control,100 - 110 km/h,Sealed - Dry,Clear,Daylight,Straight,Grade,700,Off Path-Straight: Other,Other,0,1,0,0,1,1,0,0,0,0,0,0,0.005973,0.000001
415,Polygon,5,415,2,Balonne Hwy,238476,Hospitalisation,2013,November,Monday,16,Hit object,Single Vehicle,148.574345,-28.040544,Balonne Hwy,Murchison St,St George,Balonne Shire,4487,Saint George,South West,Southern,Southern,Downs South West,Balonne,Darling Downs (west) - Maranoa,Darling Downs - Maranoa,Remote,Warrego,Maranoa,State-controlled,Intersection - T-Junction,No traffic control,60 km/h,Sealed - Dry,Clear,Daylight,Straight,Level,703,Off Path-Straight: Left Off Cway Hit Obj,Off carriageway on straight hit object,0,1,0,0,1,1,0,0,0,0,0,0,0.006027,0.000001
416,Polygon,12,416,2,Barkly Hwy,304671,Hospitalisation,2013,March,Monday,8,Overturned,Single Vehicle,140.010177,-20.816055,Barkly Hwy,Sheaffe St,Cloncurry,Cloncurry Shire,4824,Cloncurry,Mount Isa,Northern,Northern,North Queensland,Mount Isa Region,Outback - North,Queensland - Outback,Very Remote,Traeger,Kennedy,State-controlled,No Roadway Feature,No traffic control,100 - 110 km/h,Sealed - Dry,Clear,Daylight,Curved - view open,Level,800,Off Path-Curve: Other,Other,0,1,0,0,1,1,0,0,0,0,0,0,0.012862,0.000001
417,Polygon,11,417,2,Brisbane Valley Hwy,151385,Fatal,2013,March,Saturday,18,Head-on,Multi-Vehicle,152.662802,-27.470052,Brisbane Valley Hwy,Edward St,Fernvale,Somerset Region,4306,Lowood,Ipswich,Southern,SEQ North,North Coast and Wide Bay/Burnett,Lowood,Ipswich Hinterland,Ipswich,Inner Regional,Lockyer,Blair,State-controlled,No Roadway Feature,No traffic control,100 - 110 km/h,Sealed - Wet,Raining,Darkness - Lighted,Straight,Level,201,Veh'S Opposite Approach: Head On,Head-on,1,3,2,0,6,2,0,0,0,0,0,0,0.010811,0.000001
418,Polygon,530,418,2,Bruce Hwy,148232,Hospitalisation,2013,December,Monday,19,Hit object,Single Vehicle,152.921047,-26.438591,Bruce Hwy,Weschels Rd,Cooroy,Noosa Shire,4563,Cooroy,Sunshine Coast,Central,SEQ North,North Coast and Wide Bay/Burnett,Noosa Hinterland,Noosa Hinterland,Sunshine Coast,Inner Regional,Nicklin,Wide Bay,State-controlled,No Roadway Feature,No traffic control,100 - 110 km/h,Sealed - Wet,Raining,Darkness - Not lighted,Straight,Grade,305,Veh'S Same Direction: Lane Side Swipe,Lane changes,0,1,0,0,1,1,0,1,0,0,0,0,0.363672,0.000034
419,Polygon,20,419,2,Bruce Hwy Off Ramp,198632,Hospitalisation,2013,March,Thursday,19,Angle,Multi-Vehicle,152.994069,-26.91914,Bruce Hwy Off Ramp,Johnston Rd,Glass House Mountains,Sunshine Coast Region,4518,Beerwah,Sunshine Coast,Central,SEQ North,North Coast and Wide Bay/Burnett,Glass House Mountains,Sunshine Coast Hinterland,Sunshine Coast,Inner Regional,Glass House,Fisher,State-controlled,Intersection - Interchange,Give way sign,60 km/h,Sealed - Dry,Clear,Darkness - Lighted,Straight,Level,101,Veh'S Adjacent Approach: Thru-Thru,Intersection from adjacent approaches,0,1,0,0,1,2,0,0,0,0,0,0,0.004723,0
420,Polygon,8,420,2,Bruce Hwy On Ramp,167023,Hospitalisation,2013,February,Tuesday,2,Hit object,Single Vehicle,153.003395,-26.687721,Bruce Hwy On Ramp,Sunridge Farm Rd,Chevallum,Sunshine Coast Region,4555,Palmwoods,Sunshine Coast,Central,SEQ North,North Coast and Wide Bay/Burnett,Palmwoods,Sunshine Coast Hinterland,Sunshine Coast,Inner Regional,Nicklin,Fisher,Locally-controlled,Intersection - T-Junction,No traffic control,60 km/h,Sealed - Wet,Raining,Darkness - Not lighted,Curved - view open,Level,804,Off Path-Curve: Off Cway Lt Bend Hit Obj,Off carriageway on curve hit object,0,1,0,0,1,1,0,0,0,0,0,0,0.004725,0
421,Polygon,21,421,2,Bunya Hwy,214666,Hospitalisation,2013,March,Wednesday,7,Rear-end,Multi-Vehicle,151.839763,-26.518295,Bunya Hwy,Taylors Rd,Crawford,South Burnett Region,4610,Kingaroy,South West,Southern,Southern,North Coast and Wide Bay/Burnett,Kingaroy,Burnett,Wide Bay,Inner Regional,Nanango,Maranoa,State-controlled,Intersection - Cross,No traffic control,100 - 110 km/h,Sealed - Dry,Clear,Daylight,Straight,Level,303,Veh'S Same Direction: Right Rear,Rear-end,0,1,0,0,1,2,0,0,0,0,0,0,0.01254,0.000001
422,Polygon,23,422,2,Burnett Hwy,205868,Hospitalisation,2013,February,Thursday,7,Sideswipe,Multi-Vehicle,151.124842,-25.339052,Burnett Hwy,Three Moon Rd,Eidsvold,North Burnett Region,4627,Eidsvold,Wide Bay Burnett,Central,Southern,North Coast and Wide Bay/Burnett,Monto - Eidsvold,Burnett,Wide Bay,Outer Regional,Callide,Flynn,State-controlled,No Roadway Feature,No traffic control,100 - 110 km/h,Sealed - Dry,Clear,Daylight,Straight,Level,506,Veh'S Overtaking: Overtake-Right Turn,Overtaking same direction,0,1,0,0,1,0,1,1,0,0,0,0,0.026179,0.000002
423,Polygon,29,423,2,Capricorn Hwy,240220,Fatal,2013,May,Saturday,11,Hit object,Single Vehicle,147.657105,-23.591947,Capricorn Hwy,Yarrabee Mine Access Rd,Lochington,Central Highlands Region,4724,Anakie,Capricornia,Central,Central,Central Queensland,Central Highlands - West,Central Highlands (qld),Central Queensland,Remote,Gregory,Flynn,State-controlled,No Roadway Feature,No traffic control,100 - 110 km/h,Sealed - Dry,Clear,Daylight,Straight,Dip,704,Off Path-Straight:Right Off Cway Hit Obj,Off carriageway on straight hit object,1,0,0,0,1,1,0,0,0,0,0,0,0.029577,0.000003
424,Polygon,85,424,2,Captain Cook Hwy,286084,Hospitalisation,2013,January,Sunday,12,Angle,Multi-Vehicle,145.755543,-16.899019,Captain Cook Hwy,O'Keefe St,Cairns North,Cairns Region,4870,Cairns,Far North,Northern,Northern,North Queensland,Cairns City,Cairns - South,Cairns,Outer Regional,Cairns,Leichhardt,State-controlled,Intersection - T-Junction,Give way sign,60 km/h,Sealed - Dry,Clear,Daylight,Straight,Level,107,Veh'S Adjacent Approach: Thru-Left,Intersection from adjacent approaches,0,1,0,0,1,2,0,0,0,0,0,0,0.040514,0.000004
425,Polygon,10,425,2,Carnarvon Hwy,238091,Hospitalisation,2013,January,Monday,10,Sideswipe,Multi-Vehicle,148.662557,-25.318047,Carnarvon Hwy,Warrego Hwy,Upper Dawson,Maranoa Region,4454,Injune,South West,Southern,Southern,Downs South West,Roma Region,Darling Downs (west) - Maranoa,Darling Downs - Maranoa,Remote,Warrego,Maranoa,State-controlled,No Roadway Feature,No traffic control,80 - 90 km/h,Sealed - Dry,Clear,Daylight,Straight,Grade,500,Veh'S Overtaking: Other,Other,0,1,0,0,1,0,0,2,0,0,0,0,0.010748,0.000001
426,Polygon,1,426,2,Castlereagh Hwy,239173,Hospitalisation,2013,September,Monday,20,Hit animal,Other,148.312083,-28.596646,Castlereagh Hwy,<Null>,Dirranbandi,Balonne Shire,4486,Dirranbandi,South West,Southern,Southern,Downs South West,Balonne,Darling Downs (west) - Maranoa,Darling Downs - Maranoa,Very Remote,Warrego,Maranoa,State-controlled,No Roadway Feature,No traffic control,100 - 110 km/h,Sealed - Dry,Clear,Darkness - Not lighted,Straight,Level,609,Pass & Misc: Hit Animal,Hit animal,0,2,0,0,2,1,0,0,0,0,0,1,0.001209,0
427,Polygon,31,427,2,Cunningham Hwy,187056,Hospitalisation,2013,April,Sunday,17,Overturned,Single Vehicle,152.569969,-27.969842,Cunningham Hwy,Morwincha Rd,Aratula,Scenic Rim Region,4309,Boonah,Ipswich,Southern,SEQ South,South Coast,Boonah,Ipswich Hinterland,Ipswich,Inner Regional,Scenic Rim,Wright,State-controlled,No Roadway Feature,No traffic control,100 - 110 km/h,Sealed - Dry,Clear,Daylight,Straight,Grade,702,Off Path-Straight: Right Off Cway,Off carriageway on straight,0,1,0,0,1,1,0,0,0,0,0,0,0.027747,0.000003
428,Polygon,40,428,2,D'Aguilar Hwy,149442,Hospitalisation,2013,January,Friday,11,Hit object,Single Vehicle,152.548828,-26.945809,D'Aguilar Hwy,Winya Rd,Woolmar,Somerset Region,4515,Kilcoy,Moreton,Southern,SEQ North,North Coast and Wide Bay/Burnett,Kilcoy,Caboolture Hinterland,Moreton Bay - North,Inner Regional,Nanango,Blair,State-controlled,No Roadway Feature,No traffic control,100 - 110 km/h,Sealed - Dry,Clear,Daylight,Curved - view open,Crest,804,Off Path-Curve: Off Cway Lt Bend Hit Obj,Off carriageway on curve hit object,0,1,0,0,1,0,0,1,0,0,0,0,0.035958,0.000003
429,Polygon,20,429,2,Dawson Hwy,240348,Hospitalisation,2013,February,Friday,22,Hit object,Single Vehicle,149.369291,-24.608409,Dawson Hwy,State Farm Rd,Bauhinia,Central Highlands Region,4718,Moura,Capricornia,Central,Central,Central Queensland,Central Highlands - East,Central Highlands (qld),Central Queensland,Remote,Gregory,Flynn,State-controlled,No Roadway Feature,No traffic control,100 - 110 km/h,Sealed - Dry,Clear,Darkness - Not lighted,Straight,Level,704,Off Path-Straight:Right Off Cway Hit Obj,Off carriageway on straight hit object,0,1,0,0,1,1,0,0,0,0,0,0,0.020147,0.000002
430,Polygon,16,430,2,Flinders Hwy,269812,Hospitalisation,2013,January,Monday,6,Angle,Multi-Vehicle,146.289845,-20.063504,Flinders Hwy,Gregory Developmental Rd,Richmond Hill,Charters Towers Region,4820,Charters Towers,Townsville,Northern,Northern,North Queensland,Charters Towers,Charters Towers - Ayr - Ingham,Townsville,Outer Regional,Traeger,Kennedy,State-controlled,Intersection - T-Junction,No traffic control,80 - 90 km/h,Sealed - Dry,Clear,Daylight,Straight,Level,202,Veh'S Opposite Approach: Thru-Right,Opposing vehicles turning,0,3,0,0,3,2,0,0,0,0,0,0,0.016344,0.000002
431,Polygon,20,431,2,Gore Hwy,221059,Hospitalisation,2013,February,Saturday,0,Overturned,Single Vehicle,151.92373,-27.573649,Gore Hwy,South St,Harristown,Toowoomba Region,4350,Toowoomba,Darling Downs,Southern,Southern,Downs South West,Drayton - Harristown,Toowoomba,Toowoomba,Inner Regional,Toowoomba South,Groom,State-controlled,Intersection - T-Junction,No traffic control,60 km/h,Sealed - Dry,Clear,Darkness - Lighted,Curved - view open,Grade,805,Off Path-Curve: Out Of Control On Cway,Out of control on curve,0,1,0,0,1,1,0,0,0,0,0,0,0.008449,0.000001
432,Polygon,7,432,2,Gregory Hwy,242627,Hospitalisation,2013,August,Thursday,7,Overturned,Single Vehicle,148.159479,-23.623316,Gregory Hwy,<Null>,Gindie,Central Highlands Region,4702,Emerald,Capricornia,Central,Central,Central Queensland,Central Highlands - West,Central Highlands (qld),Central Queensland,Remote,Gregory,Flynn,State-controlled,No Roadway Feature,No traffic control,100 - 110 km/h,Sealed - Dry,Clear,Daylight,Straight,Level,702,Off Path-Straight: Right Off Cway,Off carriageway on straight,0,1,0,0,1,1,0,0,0,0,0,0,0.007092,0.000001
433,Polygon,18,433,2,Isis Hwy,200042,Hospitalisation,2013,April,Sunday,15,Fall from vehicle,Single Vehicle,152.09171,-25.343841,Isis Hwy,Watkin St,Dallarnil,North Burnett Region,4621,Biggenden,Wide Bay Burnett,Central,Southern,North Coast and Wide Bay/Burnett,Gayndah - Mundubbera,Burnett,Wide Bay,Outer Regional,Callide,Flynn,State-controlled,No Roadway Feature,No traffic control,100 - 110 km/h,Sealed - Dry,Clear,Daylight,Curved - view open,Level,805,Off Path-Curve: Out Of Control On Cway,Out of control on curve,0,1,0,0,1,0,1,0,0,0,0,0,0.016649,0.000002