OBJECTID,Shape,Join_Count,TARGET_FID,Crash_Year,Crash_Street,Crash_Ref_Number,Crash_Severity,Crash_Year,Crash_Month,Crash_Day_Of_Week,Crash_Hour,Crash_Nature,Crash_Type,Crash_Longitude_GDA94,Crash_Latitude_GDA94,Crash_Street,Crash_Street_Intersecting,Loc_Suburb,Loc_Local_Government_Area,Loc_Post_Code,Loc_Police_Division,Loc_Police_District,Loc_Police_Region,Loc_Queensland_Transport_Region,Loc_Main_Roads_Region,Loc_ABS_Statistical_Area_2,Loc_ABS_Statistical_Area_3,Loc_ABS_Statistical_Area_4,Loc_ABS_Remoteness,Loc_State_Electorate,Loc_Federal_Electorate,Crash_Controlling_Authority,Crash_Roadway_Feature,Crash_Traffic_Control,Crash_Speed_Limit,Crash_Road_Surface_Condition,Crash_Atmospheric_Condition,Crash_Lighting_Condition,Crash_Road_Horiz_Align,Crash_Road_Vert_Align,Crash_DCA_Code,Crash_DCA_Description,Crash_DCA_Group_Description,Count_Casualty_Fatality,Count_Casualty_Hospitalised,Count_Casualty_MedicallyTreated,Count_Casualty_MinorInjury,Count_Casualty_Total,Count_Unit_Car,Count_Unit_Motorcycle_Moped,Count_Unit_Truck,Count_Unit_Bus,Count_Unit_Bicycle,Count_Unit_Pedestrian,Count_Unit_Other,Shape_Length,Shape_Area
434,Polygon,40,434,2,Kennedy Hwy,284657,Hospitalisation,2013,March,Thursday,16,Angle,Multi-Vehicle,145.478839,-17.223096,Kennedy Hwy,Main St,Tolga,Tablelands Region,4882,Atherton,Far North,Northern,Northern,North Queensland,Atherton,Tablelands (east) - Kuranda,Cairns,Outer Regional,Hill,Kennedy,State-controlled,Intersection - Cross,Give way sign,60 km/h,Sealed - Dry,Clear,Daylight,Straight,Level,101,Veh'S Adjacent Approach: Thru-Thru,Intersection from adjacent approaches,0,1,0,0,1,2,0,0,0,0,0,0,0.022925,0.000002
435,Polygon,16,435,2,Landsborough Hwy,255771,Hospitalisation,2013,April,Monday,9,Hit animal,Other,144.921648,-23.529999,Landsborough Hwy,<Null>,Tara Station,Barcaldine Region,4725,Barcaldine,South West,Southern,Central,Central Queensland,Barcaldine - Blackall,Outback - South,Queensland - Outback,Very Remote,Gregory,Maranoa,State-controlled,No Roadway Feature,No traffic control,100 - 110 km/h,Sealed - Dry,Clear,Daylight,Straight,Grade,609,Pass & Misc: Hit Animal,Hit animal,0,2,0,0,2,1,0,0,0,0,0,1,0.01883,0.000002
436,Polygon,18,436,2,Leichhardt Hwy,232177,Hospitalisation,2013,September,Sunday,15,Overturned,Single Vehicle,150.365361,-27.75185,Leichhardt Hwy,Windeyer Rd,Moonie,Western Downs Region,4406,Tara,South West,Southern,Southern,Downs South West,Tara,Darling Downs (west) - Maranoa,Darling Downs - Maranoa,Outer Regional,Warrego,Maranoa,State-controlled,No Roadway Feature,No traffic control,100 - 110 km/h,Sealed - Dry,Clear,Daylight,Straight,Level,700,Off Path-Straight: Other,Other,0,1,1,0,2,1,0,0,0,0,0,0,0.02027,0.000002
437,Polygon,3,437,2,Mitchell Hwy,239643,Hospitalisation,2013,April,Monday,8,Hit animal,Other,146.097011,-26.785574,Mitchell Hwy,<Null>,Bakers Bend,Murweh Shire,4470,Wyandra,South West,Southern,Southern,Downs South West,Charleville,Outback - South,Queensland - Outback,Very Remote,Warrego,Maranoa,State-controlled,No Roadway Feature,No traffic control,100 - 110 km/h,Sealed - Dry,Clear,Daylight,Curved - view open,Level,609,Pass & Misc: Hit Animal,Hit animal,0,1,0,0,1,0,1,0,0,0,0,1,0.003588,0
438,Polygon,11,438,2,Moonie Hwy,230031,Hospitalisation,2013,May,Monday,18,Overturned,Single Vehicle,151.168431,-27.219114,Moonie Hwy,Nandi Rd,Nandi,Western Downs Region,4405,Dalby,South West,Southern,Southern,Downs South West,Wambo,Darling Downs - East,Darling Downs - Maranoa,Inner Regional,Warrego,Maranoa,State-controlled,No Roadway Feature,No traffic control,100 - 110 km/h,Sealed - Dry,Clear,Darkness - Not lighted,Curved - view open,Level,801,Off Path-Curve: Off Cway Right Bend,Off carriageway on curve,0,1,0,0,1,0,0,1,0,0,0,0,0.00962,0.000001
439,Polygon,21,439,2,Mt Lindesay Hwy,67770,Hospitalisation,2013,July,Wednesday,17,Angle,Multi-Vehicle,152.995133,-27.982788,Mt Lindesay Hwy,Tubber St,Beaudesert,Scenic Rim Region,4285,Beaudesert,Logan,South Eastern,SEQ South,South Coast,Beaudesert,Beaudesert,Logan - Beaudesert,Inner Regional,Scenic Rim,Wright,State-controlled,Intersection - T-Junction,Give way sign,60 km/h,Sealed - Dry,Clear,Dawn/Dusk,Straight,Level,104,Veh'S Adjacent Approach: Thru-Right,Intersection from adjacent approaches,0,1,1,0,2,1,1,0,0,0,0,0,0.015671,0.000001
440,Polygon,7,440,2,Mulligan Hwy,297241,Fatal,2013,May,Sunday,15,Overturned,Single Vehicle,144.727977,-16.227055,Mulligan Hwy,<Null>,Lakeland,Cook Shire,4871,Cooktown,Far North,Northern,Northern,North Queensland,Cape York,Far North,Queensland - Outback,Remote,Cook,Leichhardt,State-controlled,No Roadway Feature,No traffic control,100 - 110 km/h,Sealed - Dry,Clear,Daylight,Straight,Grade,705,Off Path-Straight:Out Of Control On Cway,Out of control on straight,1,1,0,0,2,1,0,0,0,0,0,0,0.008085,0.000001
441,Polygon,37,441,2,New England Hwy,221577,Hospitalisation,2013,October,Saturday,8,Hit object,Single Vehicle,151.95655,-27.569292,Warrego Hwy,Stenner St,East Toowoomba,Toowoomba Region,4350,Toowoomba,Darling Downs,Southern,Southern,Downs South West,Toowoomba - Central,Toowoomba,Toowoomba,Inner Regional,Toowoomba North,Groom,State-controlled,No Roadway Feature,No traffic control,60 km/h,Sealed - Dry,Clear,Daylight,Straight,Level,700,Off Path-Straight: Other,Other,0,1,0,0,1,1,0,0,0,0,0,0,0.021708,0.000002
442,Polygon,1,442,2,Old Bruce Hwy,252823,Hospitalisation,2013,July,Wednesday,0,Hit object,Single Vehicle,150.51043,-23.42915,Old Bruce Hwy,<Null>,Port Curtis,Rockhampton Region,4700,Rockhampton,Capricornia,Central,Central,Central Queensland,Rockhampton City,Rockhampton,Central Queensland,Inner Regional,Rockhampton,Capricornia,Locally-controlled,Bridge/Causeway,No traffic control,70 km/h,Sealed - Dry,Fog,Darkness - Not lighted,Straight,Level,600,Veh'S On Path: Other,Other,0,3,0,0,3,1,0,0,0,0,0,0,0.001181,0
443,Polygon,2,443,2,Old Capricorn Hwy,255540,Fatal,2013,May,Wednesday,12,Angle,Multi-Vehicle,150.461342,-23.425986,Old Capricorn Hwy,Reservoir St,Gracemere,Rockhampton Region,4702,Gracemere,Capricornia,Central,Central,Central Queensland,Gracemere,Rockhampton,Central Queensland,Inner Regional,Rockhampton,Flynn,Locally-controlled,Intersection - T-Junction,No traffic control,60 km/h,Sealed - Dry,Clear,Daylight,Curved - view open,Dip,406,Veh'S Manoeuvring: Leaving Driveway,Vehicle leaving driveway,1,1,0,0,2,1,0,0,1,0,0,0,0.002362,0
444,Polygon,1,444,2,Old Flinders Hwy,278905,Hospitalisation,2013,July,Saturday,14,Angle,Multi-Vehicle,146.835783,-19.42718,Old Flinders Hwy,<Null>,Oak Valley,Townsville City,4811,Stuart,Townsville,Northern,Northern,North Queensland,Townsville - South,Townsville,Townsville,Outer Regional,Burdekin,Kennedy,Locally-controlled,No Roadway Feature,No traffic control,100 - 110 km/h,Sealed - Dry,Clear,Daylight,Straight,Level,408,Veh'S Manoeuvring: Entering From Footway,Vehicle leaving driveway,0,2,0,0,2,2,0,0,0,0,0,0,0.001165,0
445,Polygon,2,445,2,Palmerston Hwy,298579,Hospitalisation,2013,June,Friday,14,Hit object,Single Vehicle,145.667656,-17.544356,Palmerston Hwy,<Null>,Mungalli,Tablelands Region,4886,Millaa Millaa,Far North,Northern,Northern,North Queensland,Malanda - Yungaburra,Tablelands (east) - Kuranda,Cairns,Outer Regional,Hill,Kennedy,State-controlled,No Roadway Feature,No traffic control,100 - 110 km/h,Sealed - Dry,Clear,Daylight,Curved - view open,Grade,607,Veh'S On Path: Temporary Object On C'Way,Other,0,1,0,0,1,0,1,0,0,0,0,0,0.002316,0
446,Polygon,13,446,2,Peak Downs Hwy,258507,Hospitalisation,2013,April,Saturday,12,Rear-end,Multi-Vehicle,149.013392,-21.211605,Peak Downs Hwy,<Null>,Victoria Plains,Mackay Region,4751,Eton,Mackay,Central,Central,Central Queensland,Walkerston - Eton,Mackay,Mackay - Isaac - Whitsunday,Outer Regional,Mirani,Capricornia,State-controlled,No Roadway Feature,No traffic control,100 - 110 km/h,Sealed - Wet,Raining,Daylight,Straight,Grade,301,Veh'S Same Direction: Rear End,Rear-end,0,1,3,0,4,2,0,0,1,0,0,0,0.015247,0.000001
447,Polygon,2,447,2,Scenic Hwy,242926,Hospitalisation,2013,November,Friday,6,Hit object,Single Vehicle,150.793339,-23.218372,Scenic Hwy,<Null>,Kinka Beach,Livingstone Shire,4703,Emu Park,Capricornia,Central,Central,Central Queensland,Emu Park,Rockhampton,Central Queensland,Inner Regional,Keppel,Capricornia,Locally-controlled,No Roadway Feature,No traffic control,60 km/h,Sealed - Dry,Clear,Daylight,Curved - view open,Level,803,Off Path-Curve: Off Cway Rt Bend Hit Obj,Off carriageway on curve hit object,0,1,0,0,1,1,0,0,0,0,0,0,0.00236,0
448,Polygon,60,448,2,Warrego Hwy,191043,Hospitalisation,2013,May,Wednesday,17,Rear-end,Multi-Vehicle,152.321015,-27.550394,Warrego Hwy,<Null>,Gatton,Lockyer Valley Region,4343,Gatton,Darling Downs,Southern,SEQ South,Downs South West,Gatton,Toowoomba,Toowoomba,Inner Regional,Lockyer,Wright,State-controlled,No Roadway Feature,No traffic control,100 - 110 km/h,Sealed - Wet,Raining,Darkness - Not lighted,Straight,Level,703,Off Path-Straight: Left Off Cway Hit Obj,Off carriageway on straight hit object,0,1,0,0,1,1,0,1,0,0,0,0,0.061367,0.000006
449,Polygon,2,449,2,Wide Bay Hwy,209518,Hospitalisation,2013,January,Wednesday,16,Hit object,Single Vehicle,152.510463,-26.092873,Wide Bay Hwy,<Null>,Bells Bridge,Gympie Region,4570,Kilkivan,Wide Bay Burnett,Central,Southern,North Coast and Wide Bay/Burnett,Gympie Region,Gympie - Cooloola,Wide Bay,Inner Regional,Gympie,Wide Bay,State-controlled,Bridge/Causeway,No traffic control,60 km/h,Unsealed - Dry,Clear,Daylight,Straight,Level,700,Off Path-Straight: Other,Other,0,1,0,0,1,1,0,0,0,0,0,0,0.002389,0
450,Polygon,3,450,2,Balonne Hwy,238477,Hospitalisation,2014,May,Tuesday,15,Angle,Multi-Vehicle,148.578316,-28.038187,Balonne Hwy,Roe St,St George,Balonne Shire,4487,Saint George,South West,Southern,Southern,Downs South West,Balonne,Darling Downs (west) - Maranoa,Darling Downs - Maranoa,Remote,Warrego,Maranoa,State-controlled,Intersection - Cross,Give way sign,60 km/h,Sealed - Dry,Clear,Dawn/Dusk,Straight,Level,101,Veh'S Adjacent Approach: Thru-Thru,Intersection from adjacent approaches,0,1,0,0,1,2,0,0,0,0,0,0,0.003616,0
451,Polygon,24,451,2,Barkly Hwy,304335,Hospitalisation,2014,June,Wednesday,10,Hit object,Single Vehicle,138.217727,-19.916281,Barkly Hwy,Milne Bay Rd,Camooweal,Mount Isa City,4828,Camooweal,Mount Isa,Northern,Northern,North Queensland,Mount Isa Region,Outback - North,Queensland - Outback,Very Remote,Traeger,Kennedy,State-controlled,No Roadway Feature,No traffic control,100 - 110 km/h,Sealed - Dry,Clear,Daylight,Straight,Level,705,Off Path-Straight:Out Of Control On Cway,Out of control on straight,0,1,0,0,1,1,0,0,0,0,0,0,0.021043,0.000002
452,Polygon,1,452,2,Barwon Hwy,232182,Hospitalisation,2014,February,Friday,17,Hit animal,Other,149.256544,-28.410243,Barwon Hwy,<Null>,North Talwood,Goondiwindi Region,4496,Talwood,Darling Downs,Southern,Southern,Downs South West,Inglewood - Waggamba,Darling Downs (west) - Maranoa,Darling Downs - Maranoa,Remote,Southern Downs,Maranoa,State-controlled,No Roadway Feature,No traffic control,100 - 110 km/h,Sealed - Dry,Clear,Dawn/Dusk,Straight,Level,609,Pass & Misc: Hit Animal,Hit animal,0,2,0,0,2,1,0,0,0,0,0,0,0.001208,0
453,Polygon,21,453,2,Brisbane Valley Hwy,151422,Hospitalisation,2014,January,Monday,10,Angle,Multi-Vehicle,152.651271,-27.454143,Brisbane Valley Hwy,Simpson St,Fernvale,Somerset Region,4306,Lowood,Ipswich,Southern,SEQ North,North Coast and Wide Bay/Burnett,Lowood,Ipswich Hinterland,Ipswich,Inner Regional,Lockyer,Blair,State-controlled,No Roadway Feature,No traffic control,60 km/h,Sealed - Dry,Clear,Daylight,Straight,Level,408,Veh'S Manoeuvring: Entering From Footway,Vehicle leaving driveway,0,2,0,0,2,2,0,1,0,0,0,0,0.016078,0.000002
454,Polygon,370,454,2,Bruce Hwy,148465,Hospitalisation,2014,February,Saturday,15,Hit object,Single Vehicle,152.881995,-26.397698,Bruce Hwy,Frizzo Rd,Black Mountain,Noosa Shire,4563,Cooroy,Sunshine Coast,Central,SEQ North,North Coast and Wide Bay/Burnett,Noosa Hinterland,Noosa Hinterland,Sunshine Coast,Inner Regional,Nicklin,Wide Bay,State-controlled,No Roadway Feature,No traffic control,70 km/h,Sealed - Dry,Clear,Daylight,Curved - view open,Level,804,Off Path-Curve: Off Cway Lt Bend Hit Obj,Off carriageway on curve hit object,0,1,0,0,1,1,0,0,0,0,0,0,0.293317,0.000028
455,Polygon,18,455,2,Bunya Hwy,207230,Hospitalisation,2014,March,Wednesday,14,Hit object,Single Vehicle,152.008722,-26.219667,Bunya Hwy,Taylors Rd,Manyung,Gympie Region,4605,Goomeri,Wide Bay Burnett,Central,Southern,North Coast and Wide Bay/Burnett,Kilkivan,Gympie - Cooloola,Wide Bay,Outer Regional,Nanango,Wide Bay,State-controlled,No Roadway Feature,No traffic control,100 - 110 km/h,Sealed - Wet,Raining,Daylight,Curved - view open,Level,502,Veh'S Overtaking: Out Of Control,Off carriageway on straight,0,1,0,0,1,1,0,0,0,0,0,0,0.017945,0.000002
456,Polygon,26,456,2,Burnett Hwy,205876,Hospitalisation,2014,May,Saturday,16,Overturned,Single Vehicle,151.18118,-25.16445,Burnett Hwy,Gayndah - Mt Perry Rd,Abercorn,North Burnett Region,4627,Eidsvold,Wide Bay Burnett,Central,Southern,North Coast and Wide Bay/Burnett,Monto - Eidsvold,Burnett,Wide Bay,Outer Regional,Callide,Flynn,State-controlled,No Roadway Feature,No traffic control,100 - 110 km/h,Sealed - Dry,Clear,Dawn/Dusk,Straight,Level,705,Off Path-Straight:Out Of Control On Cway,Out of control on straight,0,1,1,0,2,1,0,0,0,0,0,0,0.023741,0.000002
457,Polygon,35,457,2,Capricorn Hwy,240115,Hospitalisation,2014,December,Monday,13,Overturned,Single Vehicle,147.00044,-23.67328,Capricorn Hwy,Mackenzie St,Port Wine,Barcaldine Region,4724,Alpha,South West,Southern,Central,Central Queensland,Barcaldine - Blackall,Outback - South,Queensland - Outback,Very Remote,Gregory,Maranoa,State-controlled,No Roadway Feature,No traffic control,100 - 110 km/h,Sealed - Wet,Raining,Daylight,Straight,Level,702,Off Path-Straight: Right Off Cway,Off carriageway on straight,0,1,0,0,1,1,0,0,0,0,0,0,0.035453,0.000003
458,Polygon,88,458,2,Captain Cook Hwy,287321,Hospitalisation,2014,December,Monday,21,Hit pedestrian,Hit pedestrian,145.770851,-16.92024,Captain Cook Hwy,Mulgrave Rd,Cairns City,Cairns Region,4870,Cairns,Far North,Northern,Northern,North Queensland,Cairns City,Cairns - South,Cairns,Outer Regional,Cairns,Leichhardt,State-controlled,Intersection - Cross,Operating traffic lights,60 km/h,Sealed - Wet,Raining,Darkness - Lighted,Straight,Level,3,Ped'N: Far Side Vehicle Hit From Left,Pedestrian,0,1,0,0,1,0,0,0,1,0,1,0,0.039598,0.000004
459,Polygon,14,459,2,Carnarvon Hwy,238100,Hospitalisation,2014,June,Wednesday,13,Overturned,Single Vehicle,148.764337,-26.349179,Carnarvon Hwy,Church St,Euthulla,Maranoa Region,4455,Roma,South West,Southern,Southern,Downs South West,Roma Region,Darling Downs (west) - Maranoa,Darling Downs - Maranoa,Outer Regional,Warrego,Maranoa,State-controlled,No Roadway Feature,No traffic control,100 - 110 km/h,Sealed - Dry,Clear,Daylight,Straight,Crest,701,Off Path-Straight: Left Off Cway,Off carriageway on straight,0,1,0,0,1,0,0,1,0,0,0,0,0.015567,0.000001
460,Polygon,2,460,2,Castlereagh Hwy,239181,Fatal,2014,February,Tuesday,14,Hit object,Single Vehicle,148.341697,-28.599928,Castlereagh Hwy,<Null>,Dirranbandi,Balonne Shire,4486,Dirranbandi,South West,Southern,Southern,Downs South West,Balonne,Darling Downs (west) - Maranoa,Darling Downs - Maranoa,Very Remote,Warrego,Maranoa,State-controlled,No Roadway Feature,No traffic control,100 - 110 km/h,Sealed - Dry,Clear,Daylight,Straight,Level,703,Off Path-Straight: Left Off Cway Hit Obj,Off carriageway on straight hit object,1,1,0,0,2,1,0,0,0,0,0,0,0.002418,0
461,Polygon,18,461,2,Cunningham Hwy,187083,Hospitalisation,2014,February,Monday,19,Sideswipe,Multi-Vehicle,152.54393,-27.986353,Cunningham Hwy,Dragon St,Aratula,Scenic Rim Region,4309,Boonah,Ipswich,Southern,SEQ South,South Coast,Boonah,Ipswich Hinterland,Ipswich,Inner Regional,Scenic Rim,Wright,State-controlled,No Roadway Feature,No traffic control,100 - 110 km/h,Sealed - Dry,Clear,Darkness - Not lighted,Straight,Level,305,Veh'S Same Direction: Lane Side Swipe,Lane changes,0,1,0,0,1,0,0,1,0,1,0,0,0.016887,0.000002
462,Polygon,42,462,2,D'Aguilar Hwy,77241,Hospitalisation,2014,August,Thursday,18,Rear-end,Multi-Vehicle,152.841511,-27.012447,D'Aguilar Hwy,J. Lindsay Rd,Bracalba,Moreton Bay Region,4512,Caboolture,Moreton,Southern,SEQ North,North Coast and Wide Bay/Burnett,Woodford - Daguilar,Caboolture Hinterland,Moreton Bay - North,Inner Regional,Glass House,Longman,State-controlled,Intersection - T-Junction,No traffic control,100 - 110 km/h,Sealed - Dry,Clear,Darkness - Not lighted,Straight,Level,303,Veh'S Same Direction: Right Rear,Rear-end,0,1,0,0,1,1,0,0,0,0,0,1,0.031164,0.000003
463,Polygon,17,463,2,Dawson Hwy,240358,Hospitalisation,2014,November,Friday,13,Hit object,Single Vehicle,149.962689,-24.583442,Dawson Hwy,Don Young Dr,Moura,Banana Shire,4718,Moura,Capricornia,Central,Central,Central Queensland,Banana,Biloela,Central Queensland,Outer Regional,Callide,Flynn,State-controlled,No Roadway Feature,No traffic control,100 - 110 km/h,Sealed - Dry,Clear,Daylight,Curved - view open,Level,804,Off Path-Curve: Off Cway Lt Bend Hit Obj,Off carriageway on curve hit object,0,2,0,0,2,1,0,0,0,0,0,0,0.015396,0.000001
464,Polygon,22,464,2,Flinders Hwy,270129,Hospitalisation,2014,March,Thursday,3,Hit object,Single Vehicle,145.96096,-20.18625,Flinders Hwy,<Null>,Campaspe,Charters Towers Region,4820,Charters Towers,Townsville,Northern,Northern,North Queensland,Dalrymple,Charters Towers - Ayr - Ingham,Townsville,Very Remote,Traeger,Kennedy,State-controlled,No Roadway Feature,Operating traffic lights,100 - 110 km/h,Sealed - Dry,Clear,Darkness - Not lighted,Straight,Level,704,Off Path-Straight:Right Off Cway Hit Obj,Off carriageway on straight hit object,0,1,0,0,1,0,0,1,0,0,0,0,0.024515,0.000002
465,Polygon,33,465,2,Gore Hwy,221059,Hospitalisation,2014,February,Saturday,0,Overturned,Single Vehicle,151.92373,-27.573649,Gore Hwy,South St,Harristown,Toowoomba Region,4350,Toowoomba,Darling Downs,Southern,Southern,Downs South West,Drayton - Harristown,Toowoomba,Toowoomba,Inner Regional,Toowoomba South,Groom,State-controlled,Intersection - T-Junction,No traffic control,60 km/h,Sealed - Dry,Clear,Darkness - Lighted,Curved - view open,Grade,805,Off Path-Curve: Out Of Control On Cway,Out of control on curve,0,1,0,0,1,1,0,0,0,0,0,0,0.025286,0.000002
466,Polygon,11,466,2,Gregory Hwy,242661,Hospitalisation,2014,September,Sunday,14,Angle,Multi-Vehicle,148.164248,-23.59602,Gregory Hwy,<Null>,Emerald,Central Highlands Region,4720,Emerald,Capricornia,Central,Central,Central Queensland,Central Highlands - West,Central Highlands (qld),Central Queensland,Outer Regional,Gregory,Flynn,State-controlled,No Roadway Feature,No traffic control,100 - 110 km/h,Sealed - Dry,Clear,Daylight,Straight,Level,408,Veh'S Manoeuvring: Entering From Footway,Vehicle leaving driveway,0,1,0,1,2,2,0,0,0,0,0,0,0.012975,0.000001
467,Polygon,19,467,2,Isis Hwy,200055,Hospitalisation,2014,November,Tuesday,12,Hit object,Single Vehicle,151.985304,-25.573047,Isis Hwy,Isis Hwy Service Rd,Biggenden,North Burnett Region,4621,Biggenden,Wide Bay Burnett,Central,Southern,North Coast and Wide Bay/Burnett,Gayndah - Mundubbera,Burnett,Wide Bay,Outer Regional,Callide,Flynn,State-controlled,No Roadway Feature,No traffic control,100 - 110 km/h,Sealed - Dry,Clear,Daylight,Curved - view open,Level,800,Off Path-Curve: Other,Other,0,1,0,0,1,1,0,0,0,0,0,0,0.015844,0.000002
468,Polygon,41,468,2,Kennedy Hwy,285392,Hospitalisation,2014,November,Tuesday,12,Hit object,Single Vehicle,145.487308,-17.270007,Kennedy Hwy,Mills St,Atherton,Tablelands Region,4883,Atherton,Far North,Northern,Northern,North Queensland,Atherton,Tablelands (east) - Kuranda,Cairns,Outer Regional,Hill,Kennedy,State-controlled,Intersection - T-Junction,No traffic control,60 km/h,Sealed - Dry,Clear,Daylight,Straight,Grade,703,Off Path-Straight: Left Off Cway Hit Obj,Off carriageway on straight hit object,0,1,0,0,1,1,0,0,0,0,0,0,0.027764,0.000003
469,Polygon,10,469,2,Landsborough Hwy,240026,Hospitalisation,2014,January,Tuesday,6,Hit object,Single Vehicle,146.827547,-26.086402,Landsborough Hwy,<Null>,Clara Creek,Murweh Shire,4468,Augathella,South West,Southern,Southern,Downs South West,Charleville,Outback - South,Queensland - Outback,Very Remote,Warrego,Maranoa,State-controlled,No Roadway Feature,No traffic control,100 - 110 km/h,Sealed - Dry,Clear,Dawn/Dusk,Straight,Grade,704,Off Path-Straight:Right Off Cway Hit Obj,Off carriageway on straight hit object,0,2,0,0,2,1,0,0,0,0,0,0,0.011803,0.000001
470,Polygon,10,470,2,Leichhardt Hwy,232187,Hospitalisation,2014,July,Sunday,6,Hit object,Single Vehicle,150.288895,-28.145024,Leichhardt Hwy,<Null>,Billa Billa,Goondiwindi Region,4390,Goondiwindi,Darling Downs,Southern,Southern,Downs South West,Inglewood - Waggamba,Darling Downs (west) - Maranoa,Darling Downs - Maranoa,Outer Regional,Southern Downs,Maranoa,State-controlled,No Roadway Feature,No traffic control,100 - 110 km/h,Sealed - Dry,Clear,Daylight,Straight,Level,703,Off Path-Straight: Left Off Cway Hit Obj,Off carriageway on straight hit object,0,1,0,0,1,1,0,0,0,0,0,0,0.011965,0.000001
471,Polygon,1,471,2,Mitchell Hwy,240036,Hospitalisation,2014,December,Sunday,7,Overturned,Single Vehicle,146.363067,-26.186138,Mitchell Hwy,<Null>,Gowrie Station,Murweh Shire,4470,Charleville,South West,Southern,Southern,Downs South West,Charleville,Outback - South,Queensland - Outback,Very Remote,Warrego,Maranoa,State-controlled,No Roadway Feature,No traffic control,100 - 110 km/h,Sealed - Dry,Clear,Daylight,Straight,Level,705,Off Path-Straight:Out Of Control On Cway,Out of control on straight,0,2,1,0,3,1,0,0,0,0,0,0,0.001195,0
472,Polygon,14,472,2,Moonie Hwy,230031,Hospitalisation,2014,May,Monday,18,Overturned,Single Vehicle,151.168431,-27.219114,Moonie Hwy,Nandi Rd,Nandi,Western Downs Region,4405,Dalby,South West,Southern,Southern,Downs South West,Wambo,Darling Downs - East,Darling Downs - Maranoa,Inner Regional,Warrego,Maranoa,State-controlled,No Roadway Feature,No traffic control,100 - 110 km/h,Sealed - Dry,Clear,Darkness - Not lighted,Curved - view open,Level,801,Off Path-Curve: Off Cway Right Bend,Off carriageway on curve,0,1,0,0,1,0,0,1,0,0,0,0,0.012024,0.000001
473,Polygon,7,473,2,Mt Lindesay Hwy,68060,Hospitalisation,2014,March,Thursday,18,Hit object,Single Vehicle,152.93534,-28.07174,Mt Lindesay Hwy,<Null>,Laravale,Scenic Rim Region,4285,Beaudesert,Logan,South Eastern,SEQ South,South Coast,Beaudesert,Beaudesert,Logan - Beaudesert,Inner Regional,Scenic Rim,Wright,State-controlled,No Roadway Feature,No traffic control,100 - 110 km/h,Sealed - Wet,Raining,Dawn/Dusk,Curved - view open,Level,804,Off Path-Curve: Off Cway Lt Bend Hit Obj,Off carriageway on curve hit object,0,1,0,0,1,1,0,0,0,0,0,0,0.008436,0.000001
474,Polygon,6,474,2,Mulligan Hwy,292697,Hospitalisation,2014,October,Sunday,14,Hit object,Single Vehicle,145.095464,-15.695413,Mulligan Hwy,<Null>,Lakeland,Cook Shire,4871,Cooktown,Far North,Northern,Northern,North Queensland,Cape York,Far North,Queensland - Outback,Remote,Cook,Leichhardt,State-controlled,No Roadway Feature,No traffic control,100 - 110 km/h,Sealed - Dry,Clear,Daylight,Straight,Level,704,Off Path-Straight:Right Off Cway Hit Obj,Off carriageway on straight hit object,0,1,0,0,1,1,0,0,0,0,0,0,0.006929,0.000001
475,Polygon,53,475,2,New England Hwy,221679,Hospitalisation,2014,December,Tuesday,11,Rear-end,Multi-Vehicle,151.951441,-27.572458,New England Hwy,Stenner St,South Toowoomba,Toowoomba Region,4350,Toowoomba,Darling Downs,Southern,Southern,Downs South West,Toowoomba - Central,Toowoomba,Toowoomba,Inner Regional,Toowoomba South,Groom,State-controlled,No Roadway Feature,No traffic control,60 km/h,Sealed - Dry,Clear,Daylight,Straight,Level,301,Veh'S Same Direction: Rear End,Rear-end,0,1,0,0,1,2,0,0,0,0,0,0,0.037756,0.000004
476,Polygon,2,476,2,Palmerston Hwy,298581,Hospitalisation,2014,May,Tuesday,4,Hit object,Single Vehicle,145.687,-17.571759,Palmerston Hwy,<Null>,Wooroonooran,Tablelands Region,4860,South Johnstone,Far North,Northern,Northern,North Queensland,Wooroonooran,Innisfail - Cassowary Coast,Cairns,Outer Regional,Hill,Kennedy,State-controlled,No Roadway Feature,No traffic control,100 - 110 km/h,Sealed - Wet,Clear,Darkness - Not lighted,Curved - view obscured,Grade,804,Off Path-Curve: Off Cway Lt Bend Hit Obj,Off carriageway on curve hit object,0,1,0,1,2,1,0,0,0,0,0,0,0.002316,0
477,Polygon,20,477,2,Peak Downs Hwy,258433,Fatal,2014,January,Saturday,12,Rear-end,Multi-Vehicle,149.024484,-21.192082,Peak Downs Hwy,Rocky Waterhole - Wollingford Rd,Victoria Plains,Mackay Region,4751,Walkerston,Mackay,Central,Central,Central Queensland,Walkerston - Eton,Mackay,Mackay - Isaac - Whitsunday,Outer Regional,Mirani,Capricornia,State-controlled,Intersection - Cross,No traffic control,100 - 110 km/h,Sealed - Dry,Clear,Daylight,Straight,Level,303,Veh'S Same Direction: Right Rear,Rear-end,1,0,0,0,1,1,1,0,0,0,0,0,0.019943,0.000002