OBJECTID,Shape,Join_Count,TARGET_FID,Crash_Year,Crash_Street,Crash_Ref_Number,Crash_Severity,Crash_Year,Crash_Month,Crash_Day_Of_Week,Crash_Hour,Crash_Nature,Crash_Type,Crash_Longitude_GDA94,Crash_Latitude_GDA94,Crash_Street,Crash_Street_Intersecting,Loc_Suburb,Loc_Local_Government_Area,Loc_Post_Code,Loc_Police_Division,Loc_Police_District,Loc_Police_Region,Loc_Queensland_Transport_Region,Loc_Main_Roads_Region,Loc_ABS_Statistical_Area_2,Loc_ABS_Statistical_Area_3,Loc_ABS_Statistical_Area_4,Loc_ABS_Remoteness,Loc_State_Electorate,Loc_Federal_Electorate,Crash_Controlling_Authority,Crash_Roadway_Feature,Crash_Traffic_Control,Crash_Speed_Limit,Crash_Road_Surface_Condition,Crash_Atmospheric_Condition,Crash_Lighting_Condition,Crash_Road_Horiz_Align,Crash_Road_Vert_Align,Crash_DCA_Code,Crash_DCA_Description,Crash_DCA_Group_Description,Count_Casualty_Fatality,Count_Casualty_Hospitalised,Count_Casualty_MedicallyTreated,Count_Casualty_MinorInjury,Count_Casualty_Total,Count_Unit_Car,Count_Unit_Motorcycle_Moped,Count_Unit_Truck,Count_Unit_Bus,Count_Unit_Bicycle,Count_Unit_Pedestrian,Count_Unit_Other,Shape_Length,Shape_Area
564,Polygon,2,564,2,Mitchell Hwy,239669,Hospitalisation,2017,February,Sunday,16,Overturned,Single Vehicle,145.745278,-28.081111,Mitchell Hwy,<Null>,Cunnamulla,Paroo Shire,4490,Cunnamulla,South West,Southern,Southern,Downs South West,Far South West,Outback - South,Queensland - Outback,Very Remote,Warrego,Maranoa,State-controlled,No Roadway Feature,No traffic control,100 - 110 km/h,Sealed - Dry,Clear,Daylight,Straight,Level,705,Off Path-Straight:Out Of Control On Cway,Out of control on straight,0,3,0,0,3,1,0,0,0,0,0,0,0.002414,0
565,Polygon,6,565,2,Moonie Hwy,230078,Hospitalisation,2017,February,Wednesday,13,Hit object,Single Vehicle,150.973137,-27.324862,Moonie Hwy,<Null>,Ducklo,Western Downs Region,4405,Dalby,South West,Southern,Southern,Downs South West,Wambo,Darling Downs - East,Darling Downs - Maranoa,Inner Regional,Warrego,Maranoa,State-controlled,No Roadway Feature,No traffic control,100 - 110 km/h,Sealed - Dry,Clear,Daylight,Straight,Level,703,Off Path-Straight: Left Off Cway Hit Obj,Off carriageway on straight hit object,0,1,0,0,1,1,0,0,0,0,0,0,0.007213,0.000001
566,Polygon,20,566,2,Mt Lindesay Hwy,68119,Hospitalisation,2017,July,Wednesday,8,Hit object,Single Vehicle,152.933377,-28.045925,Mt Lindesay Hwy,Mt Lindesay Hwy Service Rd,Josephville,Scenic Rim Region,4285,Beaudesert,Logan,South Eastern,SEQ South,South Coast,Beaudesert,Beaudesert,Logan - Beaudesert,Inner Regional,Scenic Rim,Wright,State-controlled,No Roadway Feature,No traffic control,100 - 110 km/h,Sealed - Dry,Clear,Daylight,Straight,Level,703,Off Path-Straight: Left Off Cway Hit Obj,Off carriageway on straight hit object,0,1,0,0,1,1,0,0,0,0,0,0,0.018081,0.000002
567,Polygon,7,567,2,Mulligan Hwy,292720,Hospitalisation,2017,October,Tuesday,19,Hit animal,Other,145.23666,-15.592301,Mulligan Hwy,<Null>,Cooktown,Cook Shire,4895,Cooktown,Far North,Northern,Northern,North Queensland,Cape York,Far North,Queensland - Outback,Remote,Cook,Leichhardt,State-controlled,No Roadway Feature,No traffic control,100 - 110 km/h,Sealed - Dry,Clear,Darkness - Not lighted,Straight,Level,301,Veh'S Same Direction: Rear End,Rear-end,0,1,0,0,1,1,0,0,0,0,0,1,0.008079,0.000001
568,Polygon,57,568,2,New England Hwy,220771,Hospitalisation,2017,August,Friday,8,Hit pedestrian,Hit pedestrian,151.95386,-27.541835,New England Hwy,North St,Harlaxton,Toowoomba Region,4350,Toowoomba,Darling Downs,Southern,Southern,Downs South West,North Toowoomba - Harlaxton,Toowoomba,Toowoomba,Inner Regional,Toowoomba North,Groom,State-controlled,Intersection - Cross,Operating traffic lights,60 km/h,Sealed - Dry,Clear,Daylight,Straight,Level,3,Ped'N: Far Side Vehicle Hit From Left,Pedestrian,0,1,0,0,1,0,0,0,1,0,1,0,0.032506,0.000003
569,Polygon,1,569,2,Old Bruce Hwy,241439,Hospitalisation,2017,June,Friday,12,Hit object,Single Vehicle,151.176561,-23.969576,Old Bruce Hwy,<Null>,Calliope,Gladstone Region,4680,Calliope,Capricornia,Central,Central,Central Queensland,Gladstone Hinterland,Gladstone,Central Queensland,Inner Regional,Callide,Flynn,Locally-controlled,No Roadway Feature,No traffic control,80 - 90 km/h,Sealed - Dry,Clear,Daylight,Curved - view open,Level,804,Off Path-Curve: Off Cway Lt Bend Hit Obj,Off carriageway on curve hit object,0,1,0,0,1,1,0,0,0,0,0,0,0.001184,0
570,Polygon,1,570,2,Old Landsborough Hwy,256546,Hospitalisation,2017,December,Tuesday,14,Hit object,Single Vehicle,142.416394,-21.911754,Old Landsborough Hwy,<Null>,Kynuna,Winton Shire,4823,Winton,South West,Southern,Central,Central Queensland,Far Central West,Outback - South,Queensland - Outback,Very Remote,Gregory,Maranoa,Locally-controlled,No Roadway Feature,No traffic control,100 - 110 km/h,Unsealed - Dry,Clear,Daylight,Straight,Level,704,Off Path-Straight:Right Off Cway Hit Obj,Off carriageway on straight hit object,0,1,0,0,1,1,0,0,0,0,0,0,0.001174,0
571,Polygon,5,571,2,Palmerston Hwy,298587,Hospitalisation,2017,September,Friday,16,Hit object,Single Vehicle,145.683137,-17.568227,Palmerston Hwy,<Null>,Wooroonooran,Tablelands Region,4860,Millaa Millaa,Far North,Northern,Northern,North Queensland,Wooroonooran,Innisfail - Cassowary Coast,Cairns,Outer Regional,Hill,Kennedy,State-controlled,Bridge/Causeway,No traffic control,100 - 110 km/h,Sealed - Dry,Clear,Daylight,Curved - view open,Dip,803,Off Path-Curve: Off Cway Rt Bend Hit Obj,Off carriageway on curve hit object,0,1,0,0,1,0,1,0,0,0,0,0,0.004633,0
572,Polygon,18,572,2,Peak Downs Hwy,258307,Hospitalisation,2017,November,Wednesday,20,Overturned,Single Vehicle,148.938596,-21.290906,Peak Downs Hwy,<Null>,Eton,Mackay Region,4741,Eton,Mackay,Central,Central,Central Queensland,Walkerston - Eton,Mackay,Mackay - Isaac - Whitsunday,Outer Regional,Mirani,Capricornia,State-controlled,No Roadway Feature,No traffic control,100 - 110 km/h,Sealed - Dry,Clear,Unknown,Straight,Level,701,Off Path-Straight: Left Off Cway,Off carriageway on straight,0,1,0,0,1,1,0,0,0,0,0,0,0.018768,0.000002
573,Polygon,1,573,2,Sexton Hwy,268685,Hospitalisation,2017,April,Tuesday,21,Hit object,Single Vehicle,147.368438,-19.57822,Sexton Hwy,<Null>,Brandon,Burdekin Shire,4808,Ayr,Townsville,Northern,Northern,North Queensland,Burdekin,Charters Towers - Ayr - Ingham,Townsville,Outer Regional,Burdekin,Dawson,Locally-controlled,No Roadway Feature,No traffic control,100 - 110 km/h,Sealed - Dry,Clear,Darkness - Not lighted,Curved - view open,Level,803,Off Path-Curve: Off Cway Rt Bend Hit Obj,Off carriageway on curve hit object,0,3,0,0,3,1,0,0,0,0,0,0,0.001165,0
574,Polygon,6,574,2,Sunshine Mwy,143604,Hospitalisation,2017,April,Tuesday,18,Hit object,Single Vehicle,153.073194,-26.535038,Sunshine Mwy,Yandina - Coolum Rd,Coolum Beach,Sunshine Coast Region,4573,Coolum,Sunshine Coast,Central,SEQ North,North Coast and Wide Bay/Burnett,Eumundi - Yandina,Nambour,Sunshine Coast,Inner Regional,Ninderry,Fairfax,State-controlled,Intersection - Roundabout,Give way sign,80 - 90 km/h,Sealed - Dry,Clear,Darkness - Lighted,Straight,Level,708,Off Path-Straight: Mounts Traffic Island,Off carriageway on straight hit object,0,1,0,0,1,1,0,0,0,0,0,0,0.004887,0
575,Polygon,51,575,2,Warrego Hwy,151559,Hospitalisation,2017,June,Tuesday,9,Head-on,Multi-Vehicle,152.517887,-27.550137,Warrego Hwy,West St,Prenzlau,Somerset Region,4311,Marburg,Ipswich,Southern,SEQ North,North Coast and Wide Bay/Burnett,Lowood,Ipswich Hinterland,Ipswich,Inner Regional,Lockyer,Blair,State-controlled,No Roadway Feature,No traffic control,100 - 110 km/h,Sealed - Dry,Clear,Daylight,Curved - view open,Crest,201,Veh'S Opposite Approach: Head On,Head-on,0,2,1,0,3,3,0,0,0,0,0,0,0.046825,0.000004
576,Polygon,4,576,2,Wide Bay Hwy,207266,Hospitalisation,2017,December,Saturday,19,Hit object,Single Vehicle,152.103559,-26.199933,Wide Bay Hwy,<Null>,Goomeri,Gympie Region,4601,Goomeri,Wide Bay Burnett,Central,Southern,North Coast and Wide Bay/Burnett,Kilkivan,Gympie - Cooloola,Wide Bay,Outer Regional,Nanango,Wide Bay,State-controlled,No Roadway Feature,No traffic control,100 - 110 km/h,Sealed - Dry,Clear,Darkness - Not lighted,Curved - view open,Level,803,Off Path-Curve: Off Cway Rt Bend Hit Obj,Off carriageway on curve hit object,0,1,0,0,1,1,0,0,0,0,0,0,0.004778,0
577,Polygon,9,577,2,Barkly Hwy,304343,Hospitalisation,2018,May,Friday,17,Overturned,Single Vehicle,138.699206,-20.036732,Barkly Hwy,Trainor St,Barkly,Mount Isa City,4825,Camooweal,Mount Isa,Northern,Northern,North Queensland,Mount Isa Region,Outback - North,Queensland - Outback,Very Remote,Traeger,Kennedy,State-controlled,No Roadway Feature,No traffic control,100 - 110 km/h,Sealed - Dry,Clear,Dawn/Dusk,Straight,Level,705,Off Path-Straight:Out Of Control On Cway,Out of control on straight,0,1,0,0,1,1,0,0,0,0,0,0,0.009349,0.000001
578,Polygon,18,578,2,Brisbane Valley Hwy,151189,Hospitalisation,2018,April,Monday,16,Angle,Multi-Vehicle,152.634385,-27.415634,Brisbane Valley Hwy,Wivenhoe - Somerset Rd,Wivenhoe Pocket,Somerset Region,4306,Lowood,Ipswich,Southern,SEQ North,North Coast and Wide Bay/Burnett,Lowood,Ipswich Hinterland,Ipswich,Inner Regional,Nanango,Blair,State-controlled,Intersection - T-Junction,Give way sign,80 - 90 km/h,Sealed - Dry,Clear,Daylight,Straight,Level,103,Veh'S Adjacent Approach: Left-Thru,Intersection from adjacent approaches,0,1,0,0,1,1,0,1,0,0,0,0,0.013542,0.000001
579,Polygon,187,579,2,Bruce Hwy,144921,Hospitalisation,2018,May,Saturday,16,Fall from vehicle,Single Vehicle,152.967665,-26.560349,Bruce Hwy,Gelsominos Rd,Yandina,Sunshine Coast Region,4561,Nambour,Sunshine Coast,Central,SEQ North,North Coast and Wide Bay/Burnett,Eumundi - Yandina,Nambour,Sunshine Coast,Inner Regional,Ninderry,Fairfax,State-controlled,Intersection - Interchange,No traffic control,60 km/h,Sealed - Dry,Clear,Daylight,Curved - view obscured,Level,805,Off Path-Curve: Out Of Control On Cway,Out of control on curve,0,1,0,0,1,0,1,0,0,0,0,0,0.127052,0.000012
580,Polygon,5,580,2,Bunya Hwy,214823,Hospitalisation,2018,June,Saturday,16,Head-on,Multi-Vehicle,151.817645,-26.434137,Bunya Hwy,Silverleaf Rd,Memerambi,South Burnett Region,4610,Kingaroy,South West,Southern,Southern,North Coast and Wide Bay/Burnett,Kingaroy Region - South,Burnett,Wide Bay,Outer Regional,Nanango,Maranoa,State-controlled,No Roadway Feature,No traffic control,100 - 110 km/h,Sealed - Dry,Clear,Dawn/Dusk,Straight,Level,201,Veh'S Opposite Approach: Head On,Head-on,0,1,1,0,2,2,0,0,0,0,0,0,0.005984,0.000001
581,Polygon,14,581,2,Burnett Hwy,207267,Fatal,2018,March,Saturday,10,Head-on,Multi-Vehicle,151.908538,-25.948967,Burnett Hwy,Kingaroy - Barkers Creek Rd,Booubyjan,Gympie Region,4601,Goomeri,Wide Bay Burnett,Central,Southern,North Coast and Wide Bay/Burnett,Kilkivan,Gympie - Cooloola,Wide Bay,Outer Regional,Nanango,Wide Bay,State-controlled,No Roadway Feature,No traffic control,100 - 110 km/h,Sealed - Dry,Clear,Daylight,Curved - view open,Level,201,Veh'S Opposite Approach: Head On,Head-on,1,2,0,0,3,2,0,0,0,0,0,0,0.010719,0.000001
582,Polygon,11,582,2,Capricorn Hwy,240239,Hospitalisation,2018,January,Tuesday,14,Hit object,Single Vehicle,147.308502,-23.663388,Capricorn Hwy,<Null>,Willows,Central Highlands Region,4702,Anakie,Capricornia,Central,Central,Central Queensland,Central Highlands - West,Central Highlands (qld),Central Queensland,Remote,Gregory,Flynn,State-controlled,No Roadway Feature,No traffic control,100 - 110 km/h,Sealed - Dry,Clear,Daylight,Straight,Level,704,Off Path-Straight:Right Off Cway Hit Obj,Off carriageway on straight hit object,0,2,0,0,2,1,0,0,0,0,0,0,0.010751,0.000001
583,Polygon,39,583,2,Captain Cook Hwy,287893,Hospitalisation,2018,February,Saturday,4,Hit pedestrian,Hit pedestrian,145.758851,-16.90535,Captain Cook Hwy,Mcclelland Rd,Cairns North,Cairns Region,4870,Cairns,Far North,Northern,Northern,North Queensland,Cairns City,Cairns - South,Cairns,Outer Regional,Cairns,Leichhardt,State-controlled,No Roadway Feature,No traffic control,60 km/h,Sealed - Dry,Clear,Darkness - Lighted,Straight,Level,3,Ped'N: Far Side Vehicle Hit From Left,Pedestrian,0,1,0,0,1,1,0,0,0,0,1,0,0.025423,0.000002
584,Polygon,4,584,2,Carnarvon Hwy,238960,Hospitalisation,2018,March,Tuesday,17,Hit object,Single Vehicle,148.799059,-26.460003,Carnarvon Hwy,Hill St,Orange Hill,Maranoa Region,4455,Roma,South West,Southern,Southern,Downs South West,Roma Region,Darling Downs (west) - Maranoa,Darling Downs - Maranoa,Outer Regional,Warrego,Maranoa,State-controlled,Bridge/Causeway,No traffic control,100 - 110 km/h,Sealed - Dry,Clear,Daylight,Straight,Level,703,Off Path-Straight: Left Off Cway Hit Obj,Off carriageway on straight hit object,0,1,0,0,1,1,0,0,0,0,0,0,0.004794,0
585,Polygon,1,585,2,Castlereagh Hwy,239229,Hospitalisation,2018,June,Thursday,21,Overturned,Single Vehicle,148.064231,-28.826957,Castlereagh Hwy,<Null>,Dirranbandi,Balonne Shire,4486,Dirranbandi,South West,Southern,Southern,Downs South West,Balonne,Darling Downs (west) - Maranoa,Darling Downs - Maranoa,Very Remote,Warrego,Maranoa,State-controlled,No Roadway Feature,No traffic control,100 - 110 km/h,Sealed - Dry,Clear,Darkness - Not lighted,Curved - view open,Level,801,Off Path-Curve: Off Cway Right Bend,Off carriageway on curve,0,1,0,0,1,1,0,0,0,0,0,0,0.00121,0
586,Polygon,34,586,2,Cunningham Hwy,186888,Hospitalisation,2018,July,Tuesday,7,Hit object,Single Vehicle,152.445951,-28.048079,Cunningham Hwy,Leichhardt Hwy,Tarome,Scenic Rim Region,4309,Boonah,Ipswich,Southern,SEQ South,South Coast,Boonah,Ipswich Hinterland,Ipswich,Inner Regional,Scenic Rim,Wright,State-controlled,No Roadway Feature,No traffic control,80 - 90 km/h,Sealed - Wet,Clear,Daylight,Curved - view obscured,Grade,804,Off Path-Curve: Off Cway Lt Bend Hit Obj,Off carriageway on curve hit object,0,1,0,0,1,1,0,0,0,0,0,0,0.020508,0.000002
587,Polygon,16,587,2,D'Aguilar Hwy,149901,Hospitalisation,2018,January,Monday,22,Hit object,Single Vehicle,152.633302,-26.939155,D'Aguilar Hwy,Fitzroy St,Villeneuve,Somerset Region,4514,Kilcoy,Moreton,Southern,SEQ North,North Coast and Wide Bay/Burnett,Kilcoy,Caboolture Hinterland,Moreton Bay - North,Inner Regional,Nanango,Blair,State-controlled,No Roadway Feature,No traffic control,100 - 110 km/h,Sealed - Dry,Clear,Darkness - Not lighted,Curved - view open,Grade,803,Off Path-Curve: Off Cway Rt Bend Hit Obj,Off carriageway on curve hit object,0,1,1,0,2,1,0,0,0,0,0,0,0.015586,0.000001
588,Polygon,11,588,2,Dawson Hwy,240377,Hospitalisation,2018,May,Wednesday,4,Hit object,Single Vehicle,150.159861,-24.459516,Dawson Hwy,Penda Ave,Banana,Banana Shire,4702,Moura,Capricornia,Central,Central,Central Queensland,Banana,Biloela,Central Queensland,Outer Regional,Callide,Flynn,State-controlled,No Roadway Feature,No traffic control,100 - 110 km/h,Sealed - Dry,Clear,Darkness - Not lighted,Straight,Crest,705,Off Path-Straight:Out Of Control On Cway,Out of control on straight,0,1,0,0,1,1,0,0,0,0,0,0,0.010661,0.000001
589,Polygon,12,589,2,Flinders Hwy,270214,Hospitalisation,2018,February,Thursday,3,Overturned,Single Vehicle,145.95503,-20.18951,Flinders Hwy,Railway St,Campaspe,Charters Towers Region,4820,Charters Towers,Townsville,Northern,Northern,North Queensland,Dalrymple,Charters Towers - Ayr - Ingham,Townsville,Very Remote,Traeger,Kennedy,State-controlled,No Roadway Feature,No traffic control,100 - 110 km/h,Sealed - Wet,Raining,Darkness - Not lighted,Straight,Level,702,Off Path-Straight: Right Off Cway,Off carriageway on straight,0,1,0,0,1,1,0,0,0,0,0,0,0.014014,0.000001
590,Polygon,5,590,2,Gore Hwy,232223,Fatal,2018,April,Saturday,1,Hit object,Single Vehicle,150.376997,-28.281838,Gore Hwy,Scrubby Ck - Boondandilla Ck Rd,Goondiwindi,Goondiwindi Region,4390,Goondiwindi,Darling Downs,Southern,Southern,Downs South West,Goondiwindi,Darling Downs (west) - Maranoa,Darling Downs - Maranoa,Outer Regional,Southern Downs,Maranoa,State-controlled,No Roadway Feature,No traffic control,100 - 110 km/h,Sealed - Dry,Clear,Daylight,Straight,Level,704,Off Path-Straight:Right Off Cway Hit Obj,Off carriageway on straight hit object,2,0,0,0,2,1,0,0,0,0,0,0,0.006026,0.000001
591,Polygon,4,591,2,Gregory Hwy,241552,Hospitalisation,2018,April,Thursday,1,Hit object,Single Vehicle,148.023326,-23.086355,Gregory Hwy,Langton St,Capella,Central Highlands Region,4723,Capella,Capricornia,Central,Central,Central Queensland,Central Highlands - West,Central Highlands (qld),Central Queensland,Remote,Gregory,Flynn,State-controlled,No Roadway Feature,No traffic control,60 km/h,Sealed - Dry,Clear,Darkness - Lighted,Straight,Level,703,Off Path-Straight: Left Off Cway Hit Obj,Off carriageway on straight hit object,0,1,0,0,1,1,0,0,0,0,0,0,0.004721,0
592,Polygon,6,592,2,Isis Hwy,200084,Hospitalisation,2018,January,Wednesday,9,Overturned,Single Vehicle,152.040583,-25.436621,Isis Hwy,University Dr,Woowoonga,North Burnett Region,4621,Biggenden,Wide Bay Burnett,Central,Southern,North Coast and Wide Bay/Burnett,Gayndah - Mundubbera,Burnett,Wide Bay,Outer Regional,Callide,Flynn,State-controlled,No Roadway Feature,No traffic control,100 - 110 km/h,Sealed - Dry,Clear,Darkness - Lighted,Curved - view open,Level,801,Off Path-Curve: Off Cway Right Bend,Off carriageway on curve,0,1,0,0,1,1,0,0,0,0,0,0,0.005947,0.000001
593,Polygon,29,593,2,Kennedy Hwy,285542,Hospitalisation,2018,January,Thursday,14,Struck by external load,Other,145.479628,-17.23644,Kennedy Hwy,<Null>,Atherton,Tablelands Region,4883,Atherton,Far North,Northern,Northern,North Queensland,Atherton,Tablelands (east) - Kuranda,Cairns,Outer Regional,Hill,Kennedy,State-controlled,No Roadway Feature,No traffic control,80 - 90 km/h,Sealed - Dry,Clear,Darkness - Not lighted,Straight,Level,600,Veh'S On Path: Other,Other,0,1,0,0,1,1,0,0,0,0,0,0,0.024872,0.000002
594,Polygon,4,594,2,Landsborough Hwy,240070,Hospitalisation,2018,April,Thursday,13,Overturned,Single Vehicle,146.608295,-25.519103,Landsborough Hwy,<Null>,Nive,Murweh Shire,4470,Augathella,South West,Southern,Southern,Downs South West,Charleville,Outback - South,Queensland - Outback,Very Remote,Warrego,Maranoa,State-controlled,No Roadway Feature,No traffic control,100 - 110 km/h,Sealed - Dry,Clear,Daylight,Straight,Level,705,Off Path-Straight:Out Of Control On Cway,Out of control on straight,0,2,0,0,2,1,0,0,0,0,0,0,0.004713,0
595,Polygon,5,595,2,Leichhardt Hwy,232593,Hospitalisation,2018,February,Friday,5,Hit object,Single Vehicle,149.971168,-26.135762,Leichhardt Hwy,<Null>,Wandoan,Western Downs Region,4419,Wandoan,South West,Southern,Southern,Downs South West,Miles - Wandoan,Darling Downs (west) - Maranoa,Darling Downs - Maranoa,Remote,Callide,Maranoa,State-controlled,No Roadway Feature,No traffic control,100 - 110 km/h,Sealed - Dry,Clear,Dawn/Dusk,Curved - view open,Level,803,Off Path-Curve: Off Cway Rt Bend Hit Obj,Off carriageway on curve hit object,0,1,0,2,3,1,0,0,0,0,0,0,0.005071,0.000001
596,Polygon,3,596,2,Moonie Hwy,230082,Hospitalisation,2018,January,Sunday,13,Hit object,Single Vehicle,150.93076,-27.32897,Moonie Hwy,<Null>,Kumbarilla,Western Downs Region,4405,Dalby,South West,Southern,Southern,Downs South West,Wambo,Darling Downs - East,Darling Downs - Maranoa,Outer Regional,Warrego,Maranoa,State-controlled,No Roadway Feature,No traffic control,100 - 110 km/h,Sealed - Dry,Clear,Daylight,Straight,Level,704,Off Path-Straight:Right Off Cway Hit Obj,Off carriageway on straight hit object,0,1,0,0,1,1,0,0,0,0,0,0,0.003603,0
597,Polygon,19,597,2,Mt Lindesay Hwy,68134,Hospitalisation,2018,June,Monday,9,Hit object,Single Vehicle,152.935226,-28.072396,Mt Lindesay Hwy,Mundoolun Rd,Laravale,Scenic Rim Region,4285,Beaudesert,Logan,South Eastern,SEQ South,South Coast,Beaudesert,Beaudesert,Logan - Beaudesert,Inner Regional,Scenic Rim,Wright,State-controlled,No Roadway Feature,No traffic control,100 - 110 km/h,Sealed - Dry,Clear,Daylight,Straight,Level,703,Off Path-Straight: Left Off Cway Hit Obj,Off carriageway on straight hit object,0,1,1,0,2,1,0,0,0,0,0,0,0.012734,0.000001
598,Polygon,3,598,2,Mulligan Hwy,297278,Hospitalisation,2018,January,Wednesday,14,Overturned,Single Vehicle,144.783853,-16.079306,Mulligan Hwy,<Null>,Lakeland,Cook Shire,4871,Cooktown,Far North,Northern,Northern,North Queensland,Cape York,Far North,Queensland - Outback,Remote,Cook,Leichhardt,State-controlled,No Roadway Feature,No traffic control,100 - 110 km/h,Sealed - Dry,Clear,Daylight,Curved - view obscured,Level,802,Off Path-Curve: Off Cway Left Bend,Off carriageway on curve,0,1,0,0,1,1,0,0,0,0,0,0,0.003463,0
599,Polygon,18,599,2,New England Hwy,229948,Hospitalisation,2018,July,Saturday,9,Overturned,Single Vehicle,152.010014,-28.055323,New England Hwy,<Null>,Allora,Southern Downs Region,4362,Allora,Darling Downs,Southern,Southern,Downs South West,Southern Downs - West,Granite Belt,Darling Downs - Maranoa,Inner Regional,Southern Downs,Maranoa,State-controlled,No Roadway Feature,No traffic control,100 - 110 km/h,Sealed - Dry,Clear,Daylight,Straight,Grade,701,Off Path-Straight: Left Off Cway,Off carriageway on straight,0,2,0,0,2,1,0,0,0,0,0,0,0.020476,0.000002
600,Polygon,1,600,2,Old Warrego Hwy,236159,Hospitalisation,2018,January,Monday,2,Overturned,Single Vehicle,151.090581,-27.055571,Old Warrego Hwy,<Null>,Macalister,Western Downs Region,4406,Dalby,South West,Southern,Southern,Downs South West,Wambo,Darling Downs - East,Darling Downs - Maranoa,Outer Regional,Warrego,Maranoa,Locally-controlled,No Roadway Feature,No traffic control,100 - 110 km/h,Sealed - Wet,Clear,Darkness - Not lighted,Curved - view open,Grade,801,Off Path-Curve: Off Cway Right Bend,Off carriageway on curve,0,1,0,0,1,0,0,1,0,0,0,0,0.0012,0
601,Polygon,5,601,2,Palmerston Hwy,298587,Hospitalisation,2018,September,Friday,16,Hit object,Single Vehicle,145.683137,-17.568227,Palmerston Hwy,<Null>,Wooroonooran,Tablelands Region,4860,Millaa Millaa,Far North,Northern,Northern,North Queensland,Wooroonooran,Innisfail - Cassowary Coast,Cairns,Outer Regional,Hill,Kennedy,State-controlled,Bridge/Causeway,No traffic control,100 - 110 km/h,Sealed - Dry,Clear,Daylight,Curved - view open,Dip,803,Off Path-Curve: Off Cway Rt Bend Hit Obj,Off carriageway on curve hit object,0,1,0,0,1,0,1,0,0,0,0,0,0.004633,0
602,Polygon,7,602,2,Peak Downs Hwy,258579,Fatal,2018,January,Thursday,6,Hit object,Single Vehicle,148.937556,-21.292508,Peak Downs Hwy,<Null>,Eton,Mackay Region,4741,Eton,Mackay,Central,Central,Central Queensland,Walkerston - Eton,Mackay,Mackay - Isaac - Whitsunday,Outer Regional,Mirani,Capricornia,State-controlled,No Roadway Feature,No traffic control,100 - 110 km/h,Sealed - Dry,Clear,Daylight,Straight,Level,703,Off Path-Straight: Left Off Cway Hit Obj,Off carriageway on straight hit object,1,0,0,0,1,0,0,1,0,0,0,0,0.008209,0.000001
603,Polygon,1,603,2,Scenic Hwy,255236,Hospitalisation,2018,June,Friday,11,Sideswipe,Multi-Vehicle,150.754566,-23.140162,Scenic Hwy,<Null>,Taranganba,Livingstone Shire,4703,Yeppoon,Capricornia,Central,Central,Central Queensland,Yeppoon,Rockhampton,Central Queensland,Inner Regional,Keppel,Capricornia,Locally-controlled,No Roadway Feature,No traffic control,60 km/h,Sealed - Dry,Clear,Daylight,Curved - view open,Level,408,Veh'S Manoeuvring: Entering From Footway,Vehicle leaving driveway,0,1,1,0,2,2,0,0,0,0,0,0,0.00118,0
604,Polygon,36,604,2,Warrego Hwy,191656,Hospitalisation,2018,February,Tuesday,11,Overturned,Single Vehicle,152.258846,-27.535202,Warrego Hwy,West St,Gatton,Lockyer Valley Region,4343,Gatton,Darling Downs,Southern,SEQ South,Downs South West,Gatton,Toowoomba,Toowoomba,Inner Regional,Lockyer,Wright,State-controlled,No Roadway Feature,No traffic control,100 - 110 km/h,Sealed - Dry,Clear,Daylight,Straight,Level,701,Off Path-Straight: Left Off Cway,Off carriageway on straight,0,1,0,0,1,1,0,0,0,0,0,0,0.026579,0.000003
605,Polygon,4,605,2,Wide Bay Hwy,207268,Hospitalisation,2018,May,Friday,4,Hit object,Single Vehicle,152.229425,-26.095891,Wide Bay Hwy,<Null>,Kilkivan,Gympie Region,4600,Kilkivan,Wide Bay Burnett,Central,Southern,North Coast and Wide Bay/Burnett,Kilkivan,Gympie - Cooloola,Wide Bay,Outer Regional,Nanango,Wide Bay,State-controlled,No Roadway Feature,No traffic control,100 - 110 km/h,Sealed - Dry,Clear,Dawn/Dusk,Straight,Level,704,Off Path-Straight:Right Off Cway Hit Obj,Off carriageway on straight hit object,0,1,0,0,1,1,0,0,0,0,0,0,0.003584,0